Country/Region,Date,Cases,Lat,Long,retail_and_recreation_percent_change_from_baseline,grocery_and_pharmacy_percent_change_from_baseline,parks_percent_change_from_baseline,transit_stations_percent_change_from_baseline,workplaces_percent_change_from_baseline,residential_percent_change_from_baseline,Daily_Cases,Lag_1,Lag_7,Growth_Rate,Rolling_7,Risk_Level
Afghanistan,2020-01-22,0,33.93911,67.709953,0.0,0.0,0.0,0.0,0.0,0.0,0.0,0.0,0.0,0.0,0.0,LOW
Afghanistan,2020-01-23,0,33.93911,67.709953,0.0,0.0,0.0,0.0,0.0,0.0,0.0,0.0,0.0,0.0,0.0,LOW
Afghanistan,2020-01-24,0,33.93911,67.709953,0.0,0.0,0.0,0.0,0.0,0.0,0.0,0.0,0.0,0.0,0.0,LOW
Afghanistan,2020-01-25,0,33.93911,67.709953,0.0,0.0,0.0,0.0,0.0,0.0,0.0,0.0,0.0,0.0,0.0,LOW
Afghanistan,2020-01-26,0,33.93911,67.709953,0.0,0.0,0.0,0.0,0.0,0.0,0.0,0.0,0.0,0.0,0.0,LOW
Afghanistan,2020-01-27,0,33.93911,67.709953,0.0,0.0,0.0,0.0,0.0,0.0,0.0,0.0,0.0,0.0,0.0,LOW
Afghanistan,2020-01-28,0,33.93911,67.709953,0.0,0.0,0.0,0.0,0.0,0.0,0.0,0.0,0.0,0.0,0.0,LOW
Afghanistan,2020-01-29,0,33.93911,67.709953,0.0,0.0,0.0,0.0,0.0,0.0,0.0,0.0,0.0,0.0,0.0,LOW
Afghanistan,2020-01-30,0,33.93911,67.709953,0.0,0.0,0.0,0.0,0.0,0.0,0.0,0.0,0.0,0.0,0.0,LOW
Afghanistan,2020-01-31,0,33.93911,67.709953,0.0,0.0,0.0,0.0,0.0,0.0,0.0,0.0,0.0,0.0,0.0,LOW
Afghanistan,2020-02-01,0,33.93911,67.709953,0.0,0.0,0.0,0.0,0.0,0.0,0.0,0.0,0.0,0.0,0.0,LOW
Afghanistan,2020-02-02,0,33.93911,67.709953,0.0,0.0,0.0,0.0,0.0,0.0,0.0,0.0,0.0,0.0,0.0,LOW
Afghanistan,2020-02-03,0,33.93911,67.709953,0.0,0.0,0.0,0.0,0.0,0.0,0.0,0.0,0.0,0.0,0.0,LOW
Afghanistan,2020-02-04,0,33.93911,67.709953,0.0,0.0,0.0,0.0,0.0,0.0,0.0,0.0,0.0,0.0,0.0,LOW
Afghanistan,2020-02-05,0,33.93911,67.709953,0.0,0.0,0.0,0.0,0.0,0.0,0.0,0.0,0.0,0.0,0.0,LOW
Afghanistan,2020-02-06,0,33.93911,67.709953,0.0,0.0,0.0,0.0,0.0,0.0,0.0,0.0,0.0,0.0,0.0,LOW
Afghanistan,2020-02-07,0,33.93911,67.709953,0.0,0.0,0.0,0.0,0.0,0.0,0.0,0.0,0.0,0.0,0.0,LOW
Afghanistan,2020-02-08,0,33.93911,67.709953,0.0,0.0,0.0,0.0,0.0,0.0,0.0,0.0,0.0,0.0,0.0,LOW
Afghanistan,2020-02-09,0,33.93911,67.709953,0.0,0.0,0.0,0.0,0.0,0.0,0.0,0.0,0.0,0.0,0.0,LOW
Afghanistan,2020-02-10,0,33.93911,67.709953,0.0,0.0,0.0,0.0,0.0,0.0,0.0,0.0,0.0,0.0,0.0,LOW
Afghanistan,2020-02-11,0,33.93911,67.709953,0.0,0.0,0.0,0.0,0.0,0.0,0.0,0.0,0.0,0.0,0.0,LOW
Afghanistan,2020-02-12,0,33.93911,67.709953,0.0,0.0,0.0,0.0,0.0,0.0,0.0,0.0,0.0,0.0,0.0,LOW
Afghanistan,2020-02-13,0,33.93911,67.709953,0.0,0.0,0.0,0.0,0.0,0.0,0.0,0.0,0.0,0.0,0.0,LOW
Afghanistan,2020-02-14,0,33.93911,67.709953,0.0,0.0,0.0,0.0,0.0,0.0,0.0,0.0,0.0,0.0,0.0,LOW
Afghanistan,2020-02-15,0,33.93911,67.709953,-9.0,-10.0,0.0,-2.0,-28.0,5.0,0.0,0.0,0.0,0.0,0.0,LOW
Afghanistan,2020-02-15,0,33.93911,67.709953,-13.0,-12.0,-14.0,-2.0,-39.0,6.0,0.0,0.0,0.0,0.0,0.0,LOW
Afghanistan,2020-02-16,0,33.93911,67.709953,3.0,11.0,1.0,10.0,4.0,0.0,0.0,0.0,0.0,0.0,0.0,LOW
Afghanistan,2020-02-16,0,33.93911,67.709953,0.0,9.0,-1.0,10.0,2.0,-1.0,0.0,0.0,0.0,0.0,0.0,LOW
Afghanistan,2020-02-17,0,33.93911,67.709953,6.0,11.0,2.0,9.0,5.0,-1.0,0.0,0.0,0.0,0.0,0.0,LOW
Afghanistan,2020-02-17,0,33.93911,67.709953,1.0,11.0,-3.0,10.0,4.0,-2.0,0.0,0.0,0.0,0.0,0.0,LOW
Afghanistan,2020-02-18,0,33.93911,67.709953,3.0,5.0,3.0,9.0,6.0,-1.0,0.0,0.0,0.0,0.0,0.0,LOW
Afghanistan,2020-02-18,0,33.93911,67.709953,-1.0,4.0,3.0,8.0,4.0,0.0,0.0,0.0,0.0,0.0,0.0,LOW
Afghanistan,2020-02-19,0,33.93911,67.709953,-1.0,3.0,1.0,0.0,5.0,1.0,0.0,0.0,0.0,0.0,0.0,LOW
Afghanistan,2020-02-19,0,33.93911,67.709953,-4.0,2.0,-5.0,-1.0,1.0,2.0,0.0,0.0,0.0,0.0,0.0,LOW
Afghanistan,2020-02-20,0,33.93911,67.709953,-2.0,3.0,-1.0,4.0,6.0,1.0,0.0,0.0,0.0,0.0,0.0,LOW
Afghanistan,2020-02-20,0,33.93911,67.709953,-3.0,5.0,-3.0,5.0,5.0,1.0,0.0,0.0,0.0,0.0,0.0,LOW
Afghanistan,2020-02-21,0,33.93911,67.709953,0.0,9.0,4.0,7.0,6.0,0.0,0.0,0.0,0.0,0.0,0.0,LOW
Afghanistan,2020-02-21,0,33.93911,67.709953,-3.0,8.0,2.0,4.0,5.0,1.0,0.0,0.0,0.0,0.0,0.0,LOW
Afghanistan,2020-02-22,0,33.93911,67.709953,2.0,5.0,6.0,7.0,6.0,0.0,0.0,0.0,0.0,0.0,0.0,LOW
Afghanistan,2020-02-22,0,33.93911,67.709953,-2.0,8.0,3.0,5.0,4.0,0.0,0.0,0.0,0.0,0.0,0.0,LOW
Afghanistan,2020-02-23,0,33.93911,67.709953,2.0,6.0,2.0,7.0,6.0,1.0,0.0,0.0,0.0,0.0,0.0,LOW
Afghanistan,2020-02-23,0,33.93911,67.709953,-1.0,6.0,0.0,5.0,5.0,1.0,0.0,0.0,0.0,0.0,0.0,LOW
Afghanistan,2020-02-24,5,33.93911,67.709953,3.0,13.0,4.0,9.0,7.0,0.0,5.0,0.0,0.0,0.5,0.7142857142857143,LOW
Afghanistan,2020-02-24,5,33.93911,67.709953,-2.0,15.0,1.0,8.0,6.0,-1.0,0.0,5.0,0.0,-0.3333333333333333,0.7142857142857143,LOW
Afghanistan,2020-02-25,5,33.93911,67.709953,2.0,5.0,1.0,9.0,7.0,0.0,0.0,0.0,0.0,0.0,0.7142857142857143,LOW
Afghanistan,2020-02-25,5,33.93911,67.709953,-2.0,7.0,4.0,8.0,5.0,1.0,0.0,0.0,0.0,0.0,0.7142857142857143,LOW
Afghanistan,2020-02-26,5,33.93911,67.709953,-1.0,5.0,2.0,3.0,5.0,1.0,0.0,0.0,0.0,0.0,0.7142857142857143,LOW
Afghanistan,2020-02-26,5,33.93911,67.709953,-2.0,5.0,0.0,1.0,3.0,1.0,0.0,0.0,0.0,0.0,0.7142857142857143,LOW
Afghanistan,2020-02-27,5,33.93911,67.709953,-1.0,0.0,1.0,3.0,7.0,2.0,0.0,0.0,0.0,0.0,0.7142857142857143,LOW
Afghanistan,2020-02-27,5,33.93911,67.709953,-1.0,5.0,3.0,2.0,6.0,1.0,0.0,0.0,5.0,0.0,0.0,LOW
Afghanistan,2020-02-28,5,33.93911,67.709953,-2.0,5.0,1.0,4.0,5.0,2.0,0.0,0.0,0.0,0.0,0.0,LOW
Afghanistan,2020-02-28,5,33.93911,67.709953,-3.0,7.0,6.0,1.0,8.0,1.0,0.0,0.0,0.0,0.0,0.0,LOW
Afghanistan,2020-02-29,5,33.93911,67.709953,-1.0,1.0,0.0,4.0,6.0,1.0,0.0,0.0,0.0,0.0,0.0,LOW
Afghanistan,2020-02-29,5,33.93911,67.709953,-4.0,1.0,3.0,2.0,6.0,1.0,0.0,0.0,0.0,0.0,0.0,LOW
Afghanistan,2020-03-01,5,33.93911,67.709953,3.0,10.0,2.0,10.0,9.0,0.0,0.0,0.0,0.0,0.0,0.0,LOW
Afghanistan,2020-03-01,5,33.93911,67.709953,1.0,6.0,1.0,7.0,7.0,1.0,0.0,0.0,0.0,0.0,0.0,LOW
Afghanistan,2020-03-02,5,33.93911,67.709953,5.0,7.0,3.0,8.0,8.0,-1.0,0.0,0.0,0.0,0.0,0.0,LOW
Afghanistan,2020-03-02,5,33.93911,67.709953,1.0,6.0,0.0,6.0,6.0,-1.0,0.0,0.0,0.0,0.0,0.0,LOW
Afghanistan,2020-03-03,5,33.93911,67.709953,3.0,6.0,2.0,7.0,8.0,0.0,0.0,0.0,0.0,0.0,0.0,LOW
Afghanistan,2020-03-03,5,33.93911,67.709953,4.0,7.0,1.0,6.0,6.0,0.0,0.0,0.0,0.0,0.0,0.0,LOW
Afghanistan,2020-03-04,5,33.93911,67.709953,-2.0,4.0,1.0,-1.0,7.0,1.0,0.0,0.0,0.0,0.0,0.0,LOW
Afghanistan,2020-03-04,5,33.93911,67.709953,-2.0,2.0,-1.0,-2.0,4.0,2.0,0.0,0.0,0.0,0.0,0.0,LOW
Afghanistan,2020-03-05,5,33.93911,67.709953,3.0,5.0,2.0,4.0,10.0,1.0,0.0,0.0,0.0,0.0,0.0,LOW
Afghanistan,2020-03-05,5,33.93911,67.709953,0.0,7.0,2.0,4.0,9.0,2.0,0.0,0.0,0.0,0.0,0.0,LOW
Afghanistan,2020-03-06,5,33.93911,67.709953,3.0,9.0,8.0,4.0,8.0,1.0,0.0,0.0,0.0,0.0,0.0,LOW
Afghanistan,2020-03-06,5,33.93911,67.709953,0.0,8.0,13.0,4.0,8.0,2.0,0.0,0.0,0.0,0.0,0.0,LOW
Afghanistan,2020-03-07,8,33.93911,67.709953,0.0,5.0,4.0,4.0,7.0,1.0,3.0,0.0,0.0,0.3,0.42857142857142855,LOW
Afghanistan,2020-03-07,8,33.93911,67.709953,-1.0,7.0,6.0,2.0,6.0,1.0,0.0,3.0,0.0,-0.23076923076923078,0.42857142857142855,LOW
Afghanistan,2020-03-08,8,33.93911,67.709953,5.0,8.0,4.0,7.0,7.0,0.0,0.0,0.0,0.0,0.0,0.42857142857142855,LOW
Afghanistan,2020-03-08,8,33.93911,67.709953,5.0,6.0,7.0,5.0,6.0,-1.0,0.0,0.0,0.0,0.0,0.42857142857142855,LOW
Afghanistan,2020-03-09,8,33.93911,67.709953,-15.0,-10.0,-4.0,-9.0,-22.0,6.0,0.0,0.0,0.0,0.0,0.42857142857142855,LOW
Afghanistan,2020-03-09,8,33.93911,67.709953,-32.0,-29.0,-27.0,-13.0,-49.0,11.0,0.0,0.0,0.0,0.0,0.42857142857142855,LOW
Afghanistan,2020-03-10,8,33.93911,67.709953,0.0,0.0,1.0,6.0,6.0,1.0,0.0,0.0,0.0,0.0,0.42857142857142855,LOW
Afghanistan,2020-03-10,8,33.93911,67.709953,0.0,-1.0,4.0,4.0,4.0,1.0,0.0,0.0,3.0,0.0,0.0,LOW
Afghanistan,2020-03-11,11,33.93911,67.709953,2.0,-1.0,2.0,0.0,3.0,1.0,3.0,0.0,0.0,0.3,0.42857142857142855,LOW
Afghanistan,2020-03-11,11,33.93911,67.709953,5.0,-5.0,3.0,-2.0,1.0,2.0,0.0,3.0,0.0,-0.23076923076923078,0.42857142857142855,LOW
Afghanistan,2020-03-12,11,33.93911,67.709953,1.0,-4.0,1.0,-2.0,6.0,1.0,0.0,0.0,0.0,0.0,0.42857142857142855,LOW
Afghanistan,2020-03-12,11,33.93911,67.709953,0.0,-4.0,1.0,-2.0,6.0,1.0,0.0,0.0,0.0,0.0,0.42857142857142855,LOW
Afghanistan,2020-03-13,11,33.93911,67.709953,3.0,9.0,6.0,4.0,5.0,0.0,0.0,0.0,0.0,0.0,0.42857142857142855,LOW
Afghanistan,2020-03-13,11,33.93911,67.709953,4.0,9.0,11.0,4.0,5.0,1.0,0.0,0.0,0.0,0.0,0.42857142857142855,LOW
Afghanistan,2020-03-14,14,33.93911,67.709953,6.0,2.0,5.0,5.0,3.0,0.0,3.0,0.0,0.0,0.3,0.8571428571428571,LOW
Afghanistan,2020-03-14,14,33.93911,67.709953,9.0,7.0,9.0,4.0,3.0,0.0,0.0,3.0,3.0,-0.23076923076923078,0.42857142857142855,LOW
Afghanistan,2020-03-15,20,33.93911,67.709953,1.0,12.0,5.0,6.0,3.0,0.0,6.0,0.0,0.0,0.6,1.2857142857142858,LOW
Afghanistan,2020-03-15,20,33.93911,67.709953,2.0,13.0,4.0,3.0,1.0,1.0,0.0,6.0,0.0,-0.375,1.2857142857142858,LOW
Afghanistan,2020-03-16,25,33.93911,67.709953,1.0,14.0,2.0,4.0,1.0,1.0,5.0,0.0,0.0,0.5,2.0,LOW
Afghanistan,2020-03-16,25,33.93911,67.709953,-1.0,17.0,0.0,4.0,-1.0,1.0,0.0,5.0,0.0,-0.3333333333333333,2.0,LOW
Afghanistan,2020-03-17,26,33.93911,67.709953,0.0,6.0,3.0,-3.0,1.0,0.0,1.0,0.0,0.0,0.1,2.142857142857143,LOW
Afghanistan,2020-03-17,26,33.93911,67.709953,0.0,9.0,5.0,-2.0,-2.0,2.0,0.0,1.0,3.0,-0.09090909090909091,1.7142857142857142,LOW
Afghanistan,2020-03-18,26,33.93911,67.709953,0.0,7.0,5.0,-6.0,-1.0,1.0,0.0,0.0,0.0,0.0,1.7142857142857142,LOW
Afghanistan,2020-03-18,26,33.93911,67.709953,0.0,7.0,5.0,-5.0,-5.0,2.0,0.0,0.0,6.0,0.0,0.8571428571428571,LOW
Afghanistan,2020-03-19,26,33.93911,67.709953,-3.0,3.0,5.0,-6.0,-2.0,2.0,0.0,0.0,0.0,0.0,0.8571428571428571,LOW
Afghanistan,2020-03-19,26,33.93911,67.709953,-7.0,5.0,0.0,-5.0,-7.0,3.0,0.0,0.0,5.0,0.0,0.14285714285714285,LOW
Afghanistan,2020-03-20,24,33.93911,67.709953,-15.0,1.0,7.0,-19.0,-7.0,1.0,0.0,0.0,0.0,0.0,0.14285714285714285,LOW
Afghanistan,2020-03-20,24,33.93911,67.709953,-25.0,-13.0,1.0,-22.0,-12.0,2.0,0.0,0.0,1.0,0.0,0.0,LOW
Afghanistan,2020-03-21,24,33.93911,67.709953,-23.0,-13.0,1.0,-24.0,-36.0,6.0,0.0,0.0,0.0,0.0,0.0,LOW
Afghanistan,2020-03-21,24,33.93911,67.709953,-32.0,-22.0,-14.0,-27.0,-51.0,9.0,0.0,0.0,0.0,0.0,0.0,LOW
Afghanistan,2020-03-22,34,33.93911,67.709953,-12.0,9.0,-2.0,-14.0,-6.0,1.0,10.0,0.0,0.0,1.0,1.4285714285714286,LOW
Afghanistan,2020-03-22,34,33.93911,67.709953,-15.0,4.0,-9.0,-14.0,-10.0,4.0,0.0,10.0,0.0,-0.5,1.4285714285714286,LOW
Afghanistan,2020-03-23,40,33.93911,67.709953,-11.0,7.0,0.0,-17.0,-3.0,2.0,6.0,0.0,0.0,0.6,2.2857142857142856,LOW
Afghanistan,2020-03-23,40,33.93911,67.709953,-18.0,5.0,-15.0,-16.0,-8.0,3.0,0.0,6.0,0.0,-0.375,2.2857142857142856,LOW
Afghanistan,2020-03-24,42,33.93911,67.709953,-15.0,0.0,-1.0,-18.0,-5.0,3.0,2.0,0.0,0.0,0.2,2.5714285714285716,LOW
Afghanistan,2020-03-24,42,33.93911,67.709953,-19.0,-2.0,-12.0,-18.0,-11.0,6.0,0.0,2.0,0.0,-0.16666666666666666,2.5714285714285716,LOW
Afghanistan,2020-03-25,74,33.93911,67.709953,-18.0,-1.0,-3.0,-23.0,-10.0,6.0,32.0,0.0,0.0,3.2,7.142857142857143,LOW
Afghanistan,2020-03-25,74,33.93911,67.709953,-20.0,-3.0,-16.0,-22.0,-14.0,8.0,0.0,32.0,10.0,-0.7619047619047619,5.714285714285714,LOW
Afghanistan,2020-03-26,80,33.93911,67.709953,-18.0,0.0,-4.0,-23.0,-10.0,7.0,6.0,0.0,0.0,0.6,6.571428571428571,LOW
Afghanistan,2020-03-26,80,33.93911,67.709953,-18.0,3.0,-15.0,-22.0,-11.0,8.0,0.0,6.0,6.0,-0.375,5.714285714285714,LOW
Afghanistan,2020-03-27,91,33.93911,67.709953,-20.0,5.0,-2.0,-16.0,-2.0,5.0,11.0,0.0,0.0,1.1,7.285714285714286,LOW
Afghanistan,2020-03-27,91,33.93911,67.709953,-23.0,10.0,-10.0,-16.0,-1.0,5.0,0.0,11.0,2.0,-0.5238095238095238,7.0,LOW
Afghanistan,2020-03-28,106,33.93911,67.709953,-36.0,-20.0,-7.0,-32.0,-27.0,11.0,15.0,0.0,0.0,1.5,9.142857142857142,LOW
Afghanistan,2020-03-28,106,33.93911,67.709953,-47.0,-29.0,-32.0,-36.0,-38.0,14.0,0.0,15.0,32.0,-0.6,4.571428571428571,LOW
Afghanistan,2020-03-29,114,33.93911,67.709953,-38.0,-21.0,-13.0,-34.0,-33.0,10.0,8.0,0.0,0.0,0.8,5.714285714285714,LOW
Afghanistan,2020-03-29,114,33.93911,67.709953,-50.0,-38.0,-41.0,-40.0,-47.0,15.0,0.0,8.0,6.0,-0.4444444444444444,4.857142857142857,LOW
Afghanistan,2020-03-30,114,33.93911,67.709953,-41.0,-25.0,-15.0,-39.0,-37.0,11.0,0.0,0.0,0.0,0.0,4.857142857142857,LOW
Afghanistan,2020-03-30,114,33.93911,67.709953,-56.0,-37.0,-47.0,-44.0,-50.0,16.0,0.0,0.0,11.0,0.0,3.2857142857142856,LOW
Afghanistan,2020-03-31,166,33.93911,67.709953,-43.0,-29.0,-14.0,-42.0,-38.0,12.0,52.0,0.0,0.0,5.0,10.714285714285714,LOW
Afghanistan,2020-03-31,166,33.93911,67.709953,-57.0,-41.0,-43.0,-48.0,-52.0,17.0,0.0,52.0,15.0,-0.8387096774193549,8.571428571428571,LOW
Afghanistan,2020-04-01,192,33.93911,67.709953,-44.0,-24.0,-9.0,-38.0,-37.0,11.0,26.0,0.0,0.0,2.6,12.285714285714286,LOW
Afghanistan,2020-04-01,192,33.93911,67.709953,-55.0,-37.0,-35.0,-42.0,-51.0,17.0,0.0,26.0,8.0,-0.7222222222222222,11.142857142857142,LOW
Afghanistan,2020-04-02,235,33.93911,67.709953,-44.0,-25.0,-10.0,-35.0,-35.0,13.0,43.0,0.0,0.0,4.3,17.285714285714285,LOW
Afghanistan,2020-04-02,235,33.93911,67.709953,-54.0,-38.0,-36.0,-41.0,-46.0,18.0,0.0,43.0,0.0,-0.8113207547169812,17.285714285714285,LOW
Afghanistan,2020-04-03,269,33.93911,67.709953,-38.0,-13.0,-8.0,-32.0,-12.0,6.0,34.0,0.0,0.0,3.4,22.142857142857142,LOW
Afghanistan,2020-04-03,269,33.93911,67.709953,-47.0,-24.0,-28.0,-38.0,-13.0,8.0,0.0,34.0,52.0,-0.7727272727272727,14.714285714285714,LOW
Afghanistan,2020-04-04,270,33.93911,67.709953,-43.0,-20.0,-11.0,-38.0,-34.0,10.0,1.0,0.0,0.0,0.1,14.857142857142858,LOW
Afghanistan,2020-04-04,270,33.93911,67.709953,-53.0,-33.0,-39.0,-45.0,-45.0,14.0,0.0,1.0,26.0,-0.09090909090909091,11.142857142857142,LOW
Afghanistan,2020-04-05,299,33.93911,67.709953,-45.0,-22.0,-13.0,-36.0,-38.0,12.0,29.0,0.0,0.0,2.9,15.285714285714286,LOW
Afghanistan,2020-04-05,299,33.93911,67.709953,-54.0,-40.0,-42.0,-43.0,-50.0,16.0,0.0,29.0,43.0,-0.7435897435897436,9.142857142857142,LOW
Afghanistan,2020-04-06,337,33.93911,67.709953,-45.0,-20.0,-11.0,-40.0,-40.0,11.0,38.0,0.0,0.0,3.8,14.571428571428571,LOW
Afghanistan,2020-04-06,337,33.93911,67.709953,-56.0,-34.0,-44.0,-46.0,-50.0,15.0,0.0,38.0,34.0,-0.7916666666666666,9.714285714285714,LOW
Afghanistan,2020-04-07,367,33.93911,67.709953,-41.0,-24.0,-11.0,-46.0,-39.0,10.0,30.0,0.0,0.0,3.0,14.0,LOW
Afghanistan,2020-04-07,367,33.93911,67.709953,-54.0,-38.0,-40.0,-43.0,-52.0,14.0,0.0,30.0,1.0,-0.75,13.857142857142858,LOW
Afghanistan,2020-04-08,423,33.93911,67.709953,-47.0,-30.0,-12.0,-52.0,-42.0,14.0,56.0,0.0,0.0,5.0,21.857142857142858,LOW
Afghanistan,2020-04-08,423,33.93911,67.709953,-60.0,-45.0,-47.0,-49.0,-56.0,21.0,0.0,56.0,29.0,-0.8484848484848485,17.714285714285715,LOW
Afghanistan,2020-04-09,444,33.93911,67.709953,-49.0,-35.0,-13.0,-51.0,-40.0,17.0,21.0,0.0,0.0,2.1,20.714285714285715,LOW
Afghanistan,2020-04-09,444,33.93911,67.709953,-63.0,-49.0,-48.0,-48.0,-53.0,23.0,0.0,21.0,38.0,-0.6774193548387096,15.285714285714286,LOW
Afghanistan,2020-04-10,521,33.93911,67.709953,-41.0,-22.0,-10.0,-48.0,-16.0,11.0,77.0,0.0,0.0,5.0,26.285714285714285,LOW
Afghanistan,2020-04-10,521,33.93911,67.709953,-57.0,-34.0,-37.0,-43.0,-21.0,16.0,0.0,77.0,30.0,-0.8850574712643678,22.0,LOW
Afghanistan,2020-04-11,521,33.93911,67.709953,-46.0,-32.0,-12.0,-50.0,-38.0,16.0,0.0,0.0,0.0,0.0,22.0,LOW
Afghanistan,2020-04-11,521,33.93911,67.709953,-61.0,-47.0,-49.0,-48.0,-50.0,22.0,0.0,0.0,56.0,0.0,14.0,LOW
Afghanistan,2020-04-12,555,33.93911,67.709953,-48.0,-29.0,-18.0,-49.0,-41.0,15.0,34.0,0.0,0.0,3.4,18.857142857142858,LOW
Afghanistan,2020-04-12,555,33.93911,67.709953,-61.0,-46.0,-51.0,-47.0,-54.0,23.0,0.0,34.0,21.0,-0.7727272727272727,15.857142857142858,LOW
Afghanistan,2020-04-13,607,33.93911,67.709953,-46.0,-27.0,-13.0,-51.0,-41.0,14.0,52.0,0.0,0.0,5.0,23.285714285714285,LOW
Afghanistan,2020-04-13,607,33.93911,67.709953,-59.0,-43.0,-48.0,-47.0,-53.0,21.0,0.0,52.0,77.0,-0.8387096774193549,12.285714285714286,LOW
Afghanistan,2020-04-14,665,33.93911,67.709953,-48.0,-32.0,-14.0,-52.0,-42.0,15.0,58.0,0.0,0.0,5.0,20.571428571428573,LOW
Afghanistan,2020-04-14,665,33.93911,67.709953,-61.0,-48.0,-47.0,-50.0,-54.0,21.0,0.0,58.0,0.0,-0.8529411764705882,20.571428571428573,LOW
Afghanistan,2020-04-15,770,33.93911,67.709953,-42.0,-31.0,-10.0,-51.0,-42.0,14.0,105.0,0.0,0.0,5.0,35.57142857142857,LOW
Afghanistan,2020-04-15,770,33.93911,67.709953,-55.0,-45.0,-41.0,-48.0,-52.0,21.0,0.0,105.0,34.0,-0.9130434782608695,30.714285714285715,LOW
Afghanistan,2020-04-16,794,33.93911,67.709953,-46.0,-34.0,-13.0,-51.0,-39.0,16.0,24.0,0.0,0.0,2.4,34.142857142857146,LOW
Afghanistan,2020-04-16,794,33.93911,67.709953,-59.0,-47.0,-43.0,-50.0,-50.0,22.0,0.0,24.0,52.0,-0.7058823529411765,26.714285714285715,LOW
Afghanistan,2020-04-17,845,33.93911,67.709953,-41.0,-21.0,-12.0,-51.0,-13.0,11.0,51.0,0.0,0.0,5.0,34.0,LOW
Afghanistan,2020-04-17,845,33.93911,67.709953,-55.0,-36.0,-40.0,-48.0,-18.0,16.0,0.0,51.0,58.0,-0.8360655737704918,25.714285714285715,LOW
Afghanistan,2020-04-18,908,33.93911,67.709953,-43.0,-25.0,-15.0,-50.0,-36.0,14.0,63.0,0.0,0.0,5.0,34.714285714285715,LOW
Afghanistan,2020-04-18,908,33.93911,67.709953,-54.0,-39.0,-43.0,-47.0,-47.0,20.0,0.0,63.0,105.0,-0.863013698630137,19.714285714285715,LOW
Afghanistan,2020-04-19,933,33.93911,67.709953,-43.0,-26.0,-16.0,-49.0,-40.0,13.0,25.0,0.0,0.0,2.5,23.285714285714285,LOW
Afghanistan,2020-04-19,933,33.93911,67.709953,-55.0,-46.0,-46.0,-47.0,-52.0,21.0,0.0,25.0,24.0,-0.7142857142857143,19.857142857142858,LOW
Afghanistan,2020-04-20,996,33.93911,67.709953,-42.0,-17.0,-13.0,-50.0,-38.0,12.0,63.0,0.0,0.0,5.0,28.857142857142858,LOW
Afghanistan,2020-04-20,996,33.93911,67.709953,-54.0,-32.0,-45.0,-45.0,-50.0,18.0,0.0,63.0,51.0,-0.863013698630137,21.571428571428573,LOW
Afghanistan,2020-04-21,1026,33.93911,67.709953,-41.0,-21.0,-13.0,-48.0,-40.0,11.0,30.0,0.0,0.0,3.0,25.857142857142858,LOW
Afghanistan,2020-04-21,1026,33.93911,67.709953,-51.0,-40.0,-40.0,-43.0,-51.0,18.0,0.0,30.0,63.0,-0.75,16.857142857142858,LOW
Afghanistan,2020-04-22,1092,33.93911,67.709953,-42.0,-18.0,-14.0,-49.0,-38.0,11.0,66.0,0.0,0.0,5.0,26.285714285714285,LOW
Afghanistan,2020-04-22,1092,33.93911,67.709953,-52.0,-31.0,-39.0,-45.0,-51.0,18.0,0.0,66.0,25.0,-0.868421052631579,22.714285714285715,LOW
Afghanistan,2020-04-23,1176,33.93911,67.709953,-43.0,-23.0,-16.0,-45.0,-37.0,13.0,84.0,0.0,0.0,5.0,34.714285714285715,LOW
Afghanistan,2020-04-23,1176,33.93911,67.709953,-53.0,-39.0,-41.0,-41.0,-49.0,19.0,0.0,84.0,63.0,-0.8936170212765957,25.714285714285715,LOW
Afghanistan,2020-04-24,1226,33.93911,67.709953,-45.0,-19.0,-25.0,-50.0,-9.0,14.0,50.0,0.0,0.0,5.0,32.857142857142854,LOW
Afghanistan,2020-04-24,1226,33.93911,67.709953,-56.0,-33.0,-46.0,-46.0,-16.0,19.0,0.0,50.0,30.0,-0.8333333333333334,28.571428571428573,LOW
Afghanistan,2020-04-25,1330,33.93911,67.709953,-48.0,-27.0,-23.0,-49.0,-33.0,18.0,104.0,0.0,0.0,5.0,43.42857142857143,LOW
Afghanistan,2020-04-25,1330,33.93911,67.709953,-59.0,-39.0,-50.0,-47.0,-48.0,24.0,0.0,104.0,66.0,-0.9122807017543859,34.0,LOW
Afghanistan,2020-04-26,1463,33.93911,67.709953,-47.0,-27.0,-23.0,-48.0,-37.0,17.0,133.0,0.0,0.0,5.0,53.0,LOW
Afghanistan,2020-04-26,1463,33.93911,67.709953,-56.0,-42.0,-50.0,-46.0,-51.0,24.0,0.0,133.0,84.0,-0.9300699300699301,41.0,LOW
Afghanistan,2020-04-27,1531,33.93911,67.709953,-49.0,-28.0,-22.0,-53.0,-47.0,16.0,68.0,0.0,0.0,5.0,50.714285714285715,LOW
Afghanistan,2020-04-27,1531,33.93911,67.709953,-60.0,-40.0,-52.0,-49.0,-61.0,20.0,0.0,68.0,50.0,-0.8717948717948718,43.57142857142857,LOW
Afghanistan,2020-04-28,1703,33.93911,67.709953,-45.0,-27.0,-19.0,-47.0,-35.0,13.0,172.0,0.0,0.0,5.0,68.14285714285714,LOW
Afghanistan,2020-04-28,1703,33.93911,67.709953,-56.0,-41.0,-47.0,-45.0,-49.0,18.0,0.0,172.0,104.0,-0.945054945054945,53.285714285714285,LOW
Afghanistan,2020-04-29,1827,33.93911,67.709953,-42.0,-20.0,-16.0,-46.0,-34.0,14.0,124.0,0.0,0.0,5.0,71.0,LOW
Afghanistan,2020-04-29,1827,33.93911,67.709953,-55.0,-34.0,-45.0,-45.0,-48.0,21.0,0.0,124.0,133.0,-0.9253731343283582,52.0,LOW
Afghanistan,2020-04-30,1827,33.93911,67.709953,-47.0,-30.0,-19.0,-48.0,-33.0,17.0,0.0,0.0,0.0,0.0,52.0,LOW
Afghanistan,2020-04-30,1827,33.93911,67.709953,-59.0,-45.0,-47.0,-46.0,-47.0,23.0,0.0,0.0,68.0,0.0,42.285714285714285,LOW
Afghanistan,2020-05-01,2171,33.93911,67.709953,-45.0,-21.0,-23.0,-50.0,-8.0,13.0,344.0,0.0,0.0,5.0,91.42857142857143,LOW
Afghanistan,2020-05-01,2171,33.93911,67.709953,-57.0,-31.0,-42.0,-45.0,-17.0,17.0,0.0,344.0,172.0,-0.9717514124293786,66.85714285714286,LOW
Afghanistan,2020-05-02,2469,33.93911,67.709953,-47.0,-27.0,-22.0,-49.0,-33.0,16.0,298.0,0.0,0.0,5.0,109.42857142857143,LOW
Afghanistan,2020-05-02,2469,33.93911,67.709953,-57.0,-37.0,-48.0,-48.0,-47.0,22.0,0.0,298.0,124.0,-0.9675324675324676,91.71428571428571,LOW
Afghanistan,2020-05-03,2469,33.93911,67.709953,-49.0,-30.0,-27.0,-49.0,-38.0,16.0,0.0,0.0,0.0,0.0,91.71428571428571,LOW
Afghanistan,2020-05-03,2469,33.93911,67.709953,-58.0,-41.0,-50.0,-47.0,-52.0,23.0,0.0,0.0,0.0,0.0,91.71428571428571,LOW
Afghanistan,2020-05-04,2469,33.93911,67.709953,-45.0,-23.0,-22.0,-49.0,-35.0,14.0,0.0,0.0,0.0,0.0,91.71428571428571,LOW
Afghanistan,2020-05-04,2469,33.93911,67.709953,-57.0,-31.0,-47.0,-45.0,-49.0,20.0,0.0,0.0,344.0,0.0,42.57142857142857,LOW
Afghanistan,2020-05-05,2469,33.93911,67.709953,-45.0,-28.0,-21.0,-48.0,-36.0,15.0,0.0,0.0,0.0,0.0,42.57142857142857,LOW
Afghanistan,2020-05-05,2469,33.93911,67.709953,-55.0,-38.0,-45.0,-44.0,-52.0,23.0,0.0,0.0,298.0,0.0,0.0,LOW
Afghanistan,2020-05-06,3224,33.93911,67.709953,-44.0,-23.0,-20.0,-47.0,-34.0,15.0,755.0,0.0,0.0,5.0,107.85714285714286,LOW
Afghanistan,2020-05-06,3224,33.93911,67.709953,-53.0,-32.0,-43.0,-43.0,-49.0,23.0,0.0,755.0,0.0,-0.9869281045751634,107.85714285714286,LOW
Afghanistan,2020-05-07,3392,33.93911,67.709953,-44.0,-25.0,-21.0,-45.0,-32.0,16.0,168.0,0.0,0.0,5.0,131.85714285714286,LOW
Afghanistan,2020-05-07,3392,33.93911,67.709953,-53.0,-38.0,-45.0,-41.0,-47.0,23.0,0.0,168.0,0.0,-0.9438202247191011,131.85714285714286,LOW
Afghanistan,2020-05-08,3563,33.93911,67.709953,-39.0,-13.0,-18.0,-42.0,-3.0,10.0,171.0,0.0,0.0,5.0,156.28571428571428,LOW
Afghanistan,2020-05-08,3563,33.93911,67.709953,-49.0,-23.0,-34.0,-37.0,-11.0,15.0,0.0,171.0,0.0,-0.9447513812154696,156.28571428571428,LOW
Afghanistan,2020-05-09,3563,33.93911,67.709953,-40.0,-17.0,-20.0,-41.0,-30.0,12.0,0.0,0.0,0.0,0.0,156.28571428571428,LOW
Afghanistan,2020-05-09,3563,33.93911,67.709953,-49.0,-26.0,-41.0,-37.0,-43.0,19.0,0.0,0.0,755.0,0.0,48.42857142857143,LOW
Afghanistan,2020-05-10,4402,33.93911,67.709953,-40.0,-21.0,-24.0,-43.0,-34.0,14.0,839.0,0.0,0.0,5.0,168.28571428571428,LOW
Afghanistan,2020-05-10,4402,33.93911,67.709953,-49.0,-33.0,-43.0,-38.0,-48.0,21.0,0.0,839.0,168.0,-0.9882214369846879,144.28571428571428,LOW
Afghanistan,2020-05-11,4664,33.93911,67.709953,-38.0,-11.0,-19.0,-43.0,-31.0,12.0,262.0,0.0,0.0,5.0,181.71428571428572,LOW
Afghanistan,2020-05-11,4664,33.93911,67.709953,-49.0,-21.0,-43.0,-38.0,-46.0,19.0,0.0,262.0,171.0,-0.9632352941176471,157.28571428571428,LOW
Afghanistan,2020-05-12,4967,33.93911,67.709953,-38.0,-14.0,-19.0,-41.0,-32.0,13.0,303.0,0.0,0.0,5.0,200.57142857142858,LOW
Afghanistan,2020-05-12,4967,33.93911,67.709953,-49.0,-28.0,-41.0,-37.0,-46.0,21.0,0.0,303.0,0.0,-0.9680511182108626,200.57142857142858,LOW
Afghanistan,2020-05-13,4967,33.93911,67.709953,-38.0,-12.0,-19.0,-44.0,-30.0,13.0,0.0,0.0,0.0,0.0,200.57142857142858,LOW
Afghanistan,2020-05-13,4967,33.93911,67.709953,-49.0,-15.0,-40.0,-40.0,-45.0,20.0,0.0,0.0,839.0,0.0,80.71428571428571,LOW
Afghanistan,2020-05-14,5339,33.93911,67.709953,-37.0,-12.0,-16.0,-44.0,-26.0,13.0,372.0,0.0,0.0,5.0,133.85714285714286,LOW
Afghanistan,2020-05-14,5339,33.93911,67.709953,-48.0,-19.0,-35.0,-41.0,-41.0,20.0,0.0,372.0,262.0,-0.9738219895287958,96.42857142857143,LOW
Afghanistan,2020-05-15,6053,33.93911,67.709953,-28.0,3.0,-15.0,-34.0,8.0,10.0,714.0,0.0,0.0,5.0,198.42857142857142,LOW
Afghanistan,2020-05-15,6053,33.93911,67.709953,-41.0,-2.0,-31.0,-32.0,0.0,14.0,0.0,714.0,303.0,-0.9861878453038674,155.14285714285714,LOW
Afghanistan,2020-05-16,6402,33.93911,67.709953,-28.0,-1.0,-12.0,-34.0,-23.0,12.0,349.0,0.0,0.0,5.0,205.0,LOW
Afghanistan,2020-05-16,6402,33.93911,67.709953,-37.0,-7.0,-32.0,-31.0,-36.0,18.0,0.0,349.0,0.0,-0.9721448467966574,205.0,LOW
Afghanistan,2020-05-17,6635,33.93911,67.709953,-32.0,-11.0,-21.0,-39.0,-30.0,13.0,233.0,0.0,0.0,5.0,238.28571428571428,LOW
Afghanistan,2020-05-17,6635,33.93911,67.709953,-36.0,-18.0,-34.0,-35.0,-43.0,19.0,0.0,233.0,372.0,-0.9588477366255144,185.14285714285714,LOW
Afghanistan,2020-05-18,7072,33.93911,67.709953,-29.0,2.0,-15.0,-36.0,-28.0,11.0,437.0,0.0,0.0,5.0,247.57142857142858,LOW
Afghanistan,2020-05-18,7072,33.93911,67.709953,-35.0,0.0,-32.0,-31.0,-40.0,16.0,0.0,437.0,714.0,-0.9776286353467561,145.57142857142858,LOW
Afghanistan,2020-05-19,7655,33.93911,67.709953,0.0,0.0,0.0,0.0,0.0,0.0,583.0,0.0,0.0,5.0,228.85714285714286,LOW
Afghanistan,2020-05-20,8145,33.93911,67.709953,0.0,0.0,0.0,0.0,0.0,0.0,490.0,583.0,349.0,-0.15682967959527824,249.0,LOW
Afghanistan,2020-05-21,8676,33.93911,67.709953,0.0,0.0,0.0,0.0,0.0,0.0,531.0,490.0,0.0,0.082,324.85714285714283,LOW
Afghanistan,2020-05-22,9216,33.93911,67.709953,0.0,0.0,0.0,0.0,0.0,0.0,540.0,531.0,233.0,0.0166358595194085,368.7142857142857,LOW
Afghanistan,2020-05-23,9952,33.93911,67.709953,0.0,0.0,0.0,0.0,0.0,0.0,736.0,540.0,0.0,0.3563636363636364,473.85714285714283,LOW
Afghanistan,2020-05-24,10668,33.93911,67.709953,0.0,0.0,0.0,0.0,0.0,0.0,716.0,736.0,437.0,-0.02680965147453083,513.7142857142857,LOW
Afghanistan,2020-05-25,11180,33.93911,67.709953,0.0,0.0,0.0,0.0,0.0,0.0,512.0,716.0,0.0,-0.2809917355371901,586.8571428571429,LOW
Afghanistan,2020-05-26,11917,33.93911,67.709953,0.0,0.0,0.0,0.0,0.0,0.0,737.0,512.0,583.0,0.43103448275862066,608.8571428571429,LOW
Afghanistan,2020-05-27,12465,33.93911,67.709953,0.0,0.0,0.0,0.0,0.0,0.0,548.0,737.0,490.0,-0.25301204819277107,617.1428571428571,LOW
Afghanistan,2020-05-28,13102,33.93911,67.709953,0.0,0.0,0.0,0.0,0.0,0.0,637.0,548.0,531.0,0.15949820788530467,632.2857142857143,LOW
Afghanistan,2020-05-29,13745,33.93911,67.709953,0.0,0.0,0.0,0.0,0.0,0.0,643.0,637.0,540.0,0.00927357032457496,647.0,LOW
Afghanistan,2020-05-30,14529,33.93911,67.709953,0.0,0.0,0.0,0.0,0.0,0.0,784.0,643.0,736.0,0.21592649310872894,653.8571428571429,LOW
Afghanistan,2020-05-31,15180,33.93911,67.709953,0.0,0.0,0.0,0.0,0.0,0.0,651.0,784.0,716.0,-0.16750629722921914,644.5714285714286,LOW
Afghanistan,2020-06-01,15836,33.93911,67.709953,0.0,0.0,0.0,0.0,0.0,0.0,656.0,651.0,512.0,0.007564296520423601,665.1428571428571,LOW
Afghanistan,2020-06-02,16578,33.93911,67.709953,0.0,0.0,0.0,0.0,0.0,0.0,742.0,656.0,737.0,0.12912912912912913,665.8571428571429,LOW
Afghanistan,2020-06-03,17353,33.93911,67.709953,0.0,0.0,0.0,0.0,0.0,0.0,775.0,742.0,548.0,0.043882978723404256,698.2857142857143,LOW
Afghanistan,2020-06-04,17977,33.93911,67.709953,0.0,0.0,0.0,0.0,0.0,0.0,624.0,775.0,637.0,-0.19235668789808918,696.4285714285714,LOW
Afghanistan,2020-06-05,19055,33.93911,67.709953,0.0,0.0,0.0,0.0,0.0,0.0,1078.0,624.0,643.0,0.7160883280757098,758.5714285714286,LOW
Afghanistan,2020-06-06,19637,33.93911,67.709953,0.0,0.0,0.0,0.0,0.0,0.0,582.0,1078.0,784.0,-0.45588235294117646,729.7142857142857,LOW
Afghanistan,2020-06-07,20428,33.93911,67.709953,0.0,0.0,0.0,0.0,0.0,0.0,791.0,582.0,651.0,0.3530405405405405,749.7142857142857,LOW
Afghanistan,2020-06-08,21003,33.93911,67.709953,0.0,0.0,0.0,0.0,0.0,0.0,575.0,791.0,656.0,-0.2696629213483146,738.1428571428571,LOW
Afghanistan,2020-06-09,21308,33.93911,67.709953,0.0,0.0,0.0,0.0,0.0,0.0,305.0,575.0,742.0,-0.46153846153846156,675.7142857142857,LOW
Afghanistan,2020-06-10,22228,33.93911,67.709953,0.0,0.0,0.0,0.0,0.0,0.0,920.0,305.0,775.0,1.9523809523809523,696.4285714285714,LOW
Afghanistan,2020-06-11,22976,33.93911,67.709953,0.0,0.0,0.0,0.0,0.0,0.0,748.0,920.0,624.0,-0.18494623655913978,714.1428571428571,LOW
Afghanistan,2020-06-12,23632,33.93911,67.709953,0.0,0.0,0.0,0.0,0.0,0.0,656.0,748.0,1078.0,-0.12137203166226913,653.8571428571429,LOW
Afghanistan,2020-06-13,24188,33.93911,67.709953,0.0,0.0,0.0,0.0,0.0,0.0,556.0,656.0,582.0,-0.15015015015015015,650.1428571428571,LOW
Afghanistan,2020-06-14,24852,33.93911,67.709953,0.0,0.0,0.0,0.0,0.0,0.0,664.0,556.0,791.0,0.19081272084805653,632.0,LOW
Afghanistan,2020-06-15,25613,33.93911,67.709953,0.0,0.0,0.0,0.0,0.0,0.0,761.0,664.0,575.0,0.14391691394658754,658.5714285714286,LOW
Afghanistan,2020-06-16,25719,33.93911,67.709953,0.0,0.0,0.0,0.0,0.0,0.0,106.0,761.0,305.0,-0.8495460440985733,630.1428571428571,LOW
Afghanistan,2020-06-17,26960,33.93911,67.709953,0.0,0.0,0.0,0.0,0.0,0.0,1241.0,106.0,920.0,5.0,676.0,LOW
Afghanistan,2020-06-18,27423,33.93911,67.709953,0.0,0.0,0.0,0.0,0.0,0.0,463.0,1241.0,748.0,-0.6219024780175859,635.2857142857143,LOW
Afghanistan,2020-06-19,27964,33.93911,67.709953,0.0,0.0,0.0,0.0,0.0,0.0,541.0,463.0,656.0,0.1649048625792812,618.8571428571429,LOW
Afghanistan,2020-06-20,28383,33.93911,67.709953,0.0,0.0,0.0,0.0,0.0,0.0,419.0,541.0,556.0,-0.22141560798548093,599.2857142857143,LOW
Afghanistan,2020-06-21,28919,33.93911,67.709953,0.0,0.0,0.0,0.0,0.0,0.0,536.0,419.0,664.0,0.2727272727272727,581.0,LOW
Afghanistan,2020-06-22,29229,33.93911,67.709953,0.0,0.0,0.0,0.0,0.0,0.0,310.0,536.0,761.0,-0.4139194139194139,516.5714285714286,LOW
Afghanistan,2020-06-23,29567,33.93911,67.709953,0.0,0.0,0.0,0.0,0.0,0.0,338.0,310.0,106.0,0.0875,549.7142857142857,LOW
Afghanistan,2020-06-24,29726,33.93911,67.709953,0.0,0.0,0.0,0.0,0.0,0.0,159.0,338.0,1241.0,-0.514367816091954,395.14285714285717,LOW
Afghanistan,2020-06-25,30261,33.93911,67.709953,0.0,0.0,0.0,0.0,0.0,0.0,535.0,159.0,463.0,2.224852071005917,405.42857142857144,LOW
Afghanistan,2020-06-26,30346,33.93911,67.709953,0.0,0.0,0.0,0.0,0.0,0.0,85.0,535.0,541.0,-0.8256880733944955,340.2857142857143,LOW
Afghanistan,2020-06-27,30702,33.93911,67.709953,0.0,0.0,0.0,0.0,0.0,0.0,356.0,85.0,419.0,2.8526315789473684,331.2857142857143,LOW
Afghanistan,2020-06-28,31053,33.93911,67.709953,0.0,0.0,0.0,0.0,0.0,0.0,351.0,356.0,536.0,-0.01366120218579235,304.85714285714283,LOW
Afghanistan,2020-06-29,31324,33.93911,67.709953,0.0,0.0,0.0,0.0,0.0,0.0,271.0,351.0,310.0,-0.22160664819944598,299.2857142857143,LOW
Afghanistan,2020-06-30,31445,33.93911,67.709953,0.0,0.0,0.0,0.0,0.0,0.0,121.0,271.0,338.0,-0.5338078291814946,268.2857142857143,LOW
Afghanistan,2020-07-01,31848,33.93911,67.709953,0.0,0.0,0.0,0.0,0.0,0.0,403.0,121.0,159.0,2.1526717557251906,303.14285714285717,LOW
Afghanistan,2020-07-02,32108,33.93911,67.709953,0.0,0.0,0.0,0.0,0.0,0.0,260.0,403.0,535.0,-0.34624697336561744,263.85714285714283,LOW
Afghanistan,2020-07-03,32410,33.93911,67.709953,-14.0,9.0,-1.0,-22.0,-2.0,4.0,302.0,260.0,85.0,0.15555555555555556,294.85714285714283,LOW
Afghanistan,2020-07-03,32410,33.93911,67.709953,-23.0,5.0,-2.0,-16.0,-6.0,6.0,0.0,302.0,356.0,-0.967948717948718,244.0,LOW
Afghanistan,2020-07-04,32758,33.93911,67.709953,-10.0,11.0,-3.0,-17.0,-15.0,6.0,348.0,0.0,351.0,5.0,243.57142857142858,LOW
Afghanistan,2020-07-04,32758,33.93911,67.709953,-17.0,12.0,-10.0,-10.0,-24.0,11.0,0.0,348.0,271.0,-0.9720670391061452,204.85714285714286,LOW
Afghanistan,2020-07-05,33037,33.93911,67.709953,-9.0,12.0,-3.0,-14.0,-17.0,7.0,279.0,0.0,121.0,5.0,227.42857142857142,LOW
Afghanistan,2020-07-05,33037,33.93911,67.709953,-15.0,4.0,-12.0,-8.0,-28.0,12.0,0.0,279.0,403.0,-0.9653979238754326,169.85714285714286,LOW
Afghanistan,2020-07-06,33150,33.93911,67.709953,-7.0,20.0,-1.0,-13.0,-17.0,5.0,113.0,0.0,260.0,5.0,148.85714285714286,LOW
Afghanistan,2020-07-06,33150,33.93911,67.709953,-16.0,20.0,-12.0,-6.0,-26.0,9.0,0.0,113.0,302.0,-0.9186991869918699,105.71428571428571,LOW
Afghanistan,2020-07-07,33470,33.93911,67.709953,-5.0,18.0,-3.0,-12.0,-17.0,5.0,320.0,0.0,0.0,5.0,151.42857142857142,LOW
Afghanistan,2020-07-07,33470,33.93911,67.709953,-11.0,12.0,-8.0,-6.0,-28.0,9.0,0.0,320.0,348.0,-0.9696969696969697,101.71428571428571,LOW
Afghanistan,2020-07-08,33680,33.93911,67.709953,-9.0,12.0,-3.0,-18.0,-16.0,5.0,210.0,0.0,0.0,5.0,131.71428571428572,LOW
Afghanistan,2020-07-08,33680,33.93911,67.709953,-16.0,13.0,-8.0,-11.0,-27.0,9.0,0.0,210.0,279.0,-0.9545454545454546,91.85714285714286,LOW
Afghanistan,2020-07-09,33739,33.93911,67.709953,-9.0,12.0,-1.0,-16.0,-13.0,5.0,59.0,0.0,0.0,5.0,100.28571428571429,LOW
Afghanistan,2020-07-09,33739,33.93911,67.709953,-17.0,8.0,-6.0,-10.0,-23.0,11.0,0.0,59.0,113.0,-0.855072463768116,84.14285714285714,LOW
Afghanistan,2020-07-10,34280,33.93911,67.709953,-7.0,15.0,3.0,-16.0,2.0,4.0,541.0,0.0,0.0,5.0,161.42857142857142,LOW
Afghanistan,2020-07-10,34280,33.93911,67.709953,-15.0,14.0,3.0,-9.0,-5.0,7.0,0.0,541.0,320.0,-0.9818511796733213,115.71428571428571,LOW
Afghanistan,2020-07-11,34437,33.93911,67.709953,-5.0,16.0,3.0,-11.0,-10.0,5.0,157.0,0.0,0.0,5.0,138.14285714285714,LOW
Afghanistan,2020-07-11,34437,33.93911,67.709953,-12.0,18.0,-3.0,-4.0,-18.0,9.0,0.0,157.0,210.0,-0.9401197604790419,108.14285714285714,LOW
Afghanistan,2020-07-12,34537,33.93911,67.709953,-5.0,21.0,-3.0,-10.0,-14.0,6.0,100.0,0.0,0.0,5.0,122.42857142857143,LOW
Afghanistan,2020-07-12,34537,33.93911,67.709953,-11.0,16.0,-12.0,-5.0,-24.0,10.0,0.0,100.0,59.0,-0.9090909090909091,114.0,LOW
Afghanistan,2020-07-13,34541,33.93911,67.709953,-4.0,26.0,-1.0,-9.0,-12.0,4.0,4.0,0.0,0.0,0.4,114.57142857142857,LOW
Afghanistan,2020-07-13,34541,33.93911,67.709953,-14.0,26.0,-8.0,-3.0,-20.0,8.0,0.0,4.0,541.0,-0.2857142857142857,37.285714285714285,LOW
Afghanistan,2020-07-14,34826,33.93911,67.709953,-6.0,18.0,-2.0,-10.0,-11.0,5.0,285.0,0.0,0.0,5.0,78.0,LOW
Afghanistan,2020-07-14,34826,33.93911,67.709953,-13.0,16.0,-6.0,-3.0,-21.0,10.0,0.0,285.0,157.0,-0.9661016949152542,55.57142857142857,LOW
Afghanistan,2020-07-15,35026,33.93911,67.709953,-6.0,14.0,-2.0,-14.0,-11.0,5.0,200.0,0.0,0.0,5.0,84.14285714285714,LOW
Afghanistan,2020-07-15,35026,33.93911,67.709953,-10.0,16.0,-6.0,-7.0,-20.0,10.0,0.0,200.0,100.0,-0.9523809523809523,69.85714285714286,LOW
Afghanistan,2020-07-16,35156,33.93911,67.709953,-7.0,14.0,-5.0,-11.0,-10.0,5.0,130.0,0.0,0.0,5.0,88.42857142857143,LOW
Afghanistan,2020-07-16,35156,33.93911,67.709953,-13.0,16.0,-9.0,-3.0,-20.0,10.0,0.0,130.0,4.0,-0.9285714285714286,87.85714285714286,LOW
Afghanistan,2020-07-17,35315,33.93911,67.709953,-5.0,18.0,3.0,-11.0,3.0,3.0,159.0,0.0,0.0,5.0,110.57142857142857,LOW
Afghanistan,2020-07-17,35315,33.93911,67.709953,-9.0,19.0,7.0,-3.0,-2.0,6.0,0.0,159.0,285.0,-0.9408284023668639,69.85714285714286,LOW
Afghanistan,2020-07-18,35375,33.93911,67.709953,-4.0,19.0,-2.0,-10.0,-8.0,4.0,60.0,0.0,0.0,5.0,78.42857142857143,LOW
Afghanistan,2020-07-18,35375,33.93911,67.709953,-9.0,24.0,-6.0,-2.0,-15.0,8.0,0.0,60.0,200.0,-0.8571428571428571,49.857142857142854,LOW
Afghanistan,2020-07-19,35561,33.93911,67.709953,-4.0,24.0,-1.0,-6.0,-10.0,4.0,186.0,0.0,0.0,5.0,76.42857142857143,LOW
Afghanistan,2020-07-19,35561,33.93911,67.709953,-7.0,25.0,-6.0,1.0,-18.0,9.0,0.0,186.0,130.0,-0.9489795918367347,57.857142857142854,LOW
Afghanistan,2020-07-20,35595,33.93911,67.709953,-1.0,24.0,-2.0,-9.0,-10.0,4.0,34.0,0.0,0.0,3.4,62.714285714285715,LOW
Afghanistan,2020-07-20,35595,33.93911,67.709953,-5.0,28.0,-10.0,-1.0,-16.0,7.0,0.0,34.0,159.0,-0.7727272727272727,40.0,LOW
Afghanistan,2020-07-21,35701,33.93911,67.709953,-5.0,18.0,0.0,-10.0,-11.0,4.0,106.0,0.0,0.0,5.0,55.142857142857146,LOW
Afghanistan,2020-07-21,35701,33.93911,67.709953,-8.0,19.0,-2.0,-3.0,-18.0,8.0,0.0,106.0,60.0,-0.9137931034482759,46.57142857142857,LOW
Afghanistan,2020-07-22,35813,33.93911,67.709953,-4.0,19.0,-4.0,-14.0,-12.0,4.0,112.0,0.0,0.0,5.0,62.57142857142857,LOW
Afghanistan,2020-07-22,35813,33.93911,67.709953,-6.0,24.0,-5.0,-7.0,-19.0,9.0,0.0,112.0,186.0,-0.9180327868852459,36.0,LOW
Afghanistan,2020-07-23,36001,33.93911,67.709953,-7.0,13.0,-3.0,-10.0,-9.0,5.0,188.0,0.0,0.0,5.0,62.857142857142854,LOW
Afghanistan,2020-07-23,36001,33.93911,67.709953,-10.0,19.0,-3.0,-2.0,-18.0,9.0,0.0,188.0,34.0,-0.9494949494949495,58.0,LOW
Afghanistan,2020-07-24,36067,33.93911,67.709953,-3.0,22.0,1.0,-12.0,4.0,3.0,66.0,0.0,0.0,5.0,67.42857142857143,LOW
Afghanistan,2020-07-24,36067,33.93911,67.709953,-5.0,29.0,6.0,-6.0,1.0,7.0,0.0,66.0,106.0,-0.868421052631579,52.285714285714285,LOW
Afghanistan,2020-07-25,36122,33.93911,67.709953,-6.0,21.0,3.0,-11.0,-7.0,4.0,55.0,0.0,0.0,5.0,60.142857142857146,LOW
Afghanistan,2020-07-25,36122,33.93911,67.709953,-8.0,30.0,4.0,-4.0,-14.0,8.0,0.0,55.0,112.0,-0.8461538461538461,44.142857142857146,LOW
Afghanistan,2020-07-26,36243,33.93911,67.709953,-5.0,24.0,0.0,-6.0,-11.0,4.0,121.0,0.0,0.0,5.0,61.42857142857143,LOW
Afghanistan,2020-07-26,36243,33.93911,67.709953,-5.0,29.0,1.0,1.0,-18.0,9.0,0.0,121.0,188.0,-0.9236641221374046,34.57142857142857,LOW
Afghanistan,2020-07-27,36349,33.93911,67.709953,-3.0,28.0,2.0,-10.0,-11.0,2.0,106.0,0.0,0.0,5.0,49.714285714285715,LOW
Afghanistan,2020-07-27,36349,33.93911,67.709953,-6.0,34.0,-2.0,-3.0,-18.0,5.0,0.0,106.0,66.0,-0.9137931034482759,40.285714285714285,LOW
Afghanistan,2020-07-28,36454,33.93911,67.709953,-1.0,27.0,3.0,-6.0,-12.0,1.0,105.0,0.0,0.0,5.0,55.285714285714285,LOW
Afghanistan,2020-07-28,36454,33.93911,67.709953,-3.0,30.0,6.0,1.0,-20.0,5.0,0.0,105.0,55.0,-0.9130434782608695,47.42857142857143,LOW
Afghanistan,2020-07-29,36557,33.93911,67.709953,2.0,33.0,3.0,-5.0,-16.0,2.0,103.0,0.0,0.0,5.0,62.142857142857146,LOW
Afghanistan,2020-07-29,36557,33.93911,67.709953,-2.0,36.0,2.0,2.0,-25.0,6.0,0.0,103.0,121.0,-0.911504424778761,44.857142857142854,LOW
Afghanistan,2020-07-30,36628,33.93911,67.709953,-5.0,32.0,0.0,-10.0,-38.0,8.0,71.0,0.0,0.0,5.0,55.0,LOW
Afghanistan,2020-07-30,36628,33.93911,67.709953,-10.0,25.0,-10.0,-4.0,-52.0,13.0,0.0,71.0,106.0,-0.8765432098765432,39.857142857142854,LOW
Afghanistan,2020-07-31,36628,33.93911,67.709953,-26.0,0.0,3.0,-26.0,-24.0,3.0,0.0,0.0,0.0,0.0,39.857142857142854,LOW
Afghanistan,2020-07-31,36628,33.93911,67.709953,-36.0,-7.0,-11.0,-20.0,-26.0,4.0,0.0,0.0,105.0,0.0,24.857142857142858,LOW
Afghanistan,2020-08-01,36796,33.93911,67.709953,-33.0,-24.0,9.0,-32.0,-66.0,10.0,168.0,0.0,0.0,5.0,48.857142857142854,LOW
Afghanistan,2020-08-01,36796,33.93911,67.709953,-44.0,-32.0,-16.0,-27.0,-71.0,14.0,0.0,168.0,103.0,-0.9438202247191011,34.142857142857146,LOW
Afghanistan,2020-08-02,36796,33.93911,67.709953,-31.0,-20.0,8.0,-29.0,-68.0,9.0,0.0,0.0,0.0,0.0,34.142857142857146,LOW
Afghanistan,2020-08-02,36796,33.93911,67.709953,-37.0,-28.0,-17.0,-25.0,-72.0,13.0,0.0,0.0,71.0,0.0,24.0,LOW
Afghanistan,2020-08-03,36796,33.93911,67.709953,-18.0,-2.0,12.0,-21.0,-39.0,4.0,0.0,0.0,0.0,0.0,24.0,LOW
Afghanistan,2020-08-03,36796,33.93911,67.709953,-21.0,-1.0,-3.0,-15.0,-40.0,6.0,0.0,0.0,0.0,0.0,24.0,LOW
Afghanistan,2020-08-04,36833,33.93911,67.709953,-11.0,9.0,10.0,-13.0,-23.0,2.0,37.0,0.0,0.0,3.7,29.285714285714285,LOW
Afghanistan,2020-08-04,36833,33.93911,67.709953,-14.0,9.0,-2.0,-7.0,-26.0,5.0,0.0,37.0,168.0,-0.7872340425531915,5.285714285714286,LOW
Afghanistan,2020-08-05,36915,33.93911,67.709953,-9.0,13.0,6.0,-11.0,-19.0,2.0,82.0,0.0,0.0,5.0,17.0,LOW
Afghanistan,2020-08-05,36915,33.93911,67.709953,-8.0,13.0,-5.0,-6.0,-22.0,5.0,0.0,82.0,0.0,-0.8913043478260869,17.0,LOW
Afghanistan,2020-08-06,36982,33.93911,67.709953,-9.0,12.0,5.0,-10.0,-15.0,3.0,67.0,0.0,0.0,5.0,26.571428571428573,LOW
Afghanistan,2020-08-06,36982,33.93911,67.709953,-9.0,15.0,-1.0,-5.0,-19.0,6.0,0.0,67.0,0.0,-0.8701298701298701,26.571428571428573,LOW
Afghanistan,2020-08-07,37023,33.93911,67.709953,-6.0,16.0,9.0,-13.0,0.0,1.0,41.0,0.0,0.0,4.1,32.42857142857143,LOW
Afghanistan,2020-08-07,37023,33.93911,67.709953,-12.0,10.0,-1.0,-8.0,-5.0,5.0,0.0,41.0,37.0,-0.803921568627451,27.142857142857142,LOW
Afghanistan,2020-08-08,37101,33.93911,67.709953,-12.0,7.0,2.0,-19.0,-24.0,5.0,78.0,0.0,0.0,5.0,38.285714285714285,LOW
Afghanistan,2020-08-08,37101,33.93911,67.709953,-23.0,-10.0,-20.0,-16.0,-46.0,13.0,0.0,78.0,82.0,-0.8863636363636364,26.571428571428573,LOW
Afghanistan,2020-08-09,37140,33.93911,67.709953,-10.0,13.0,2.0,-12.0,-25.0,5.0,39.0,0.0,0.0,3.9,32.142857142857146,LOW
Afghanistan,2020-08-09,37140,33.93911,67.709953,-16.0,-3.0,-22.0,-9.0,-45.0,13.0,0.0,39.0,67.0,-0.7959183673469388,22.571428571428573,LOW
Afghanistan,2020-08-10,37140,33.93911,67.709953,7.0,35.0,11.0,1.0,-10.0,-2.0,0.0,0.0,0.0,0.0,22.571428571428573,LOW
Afghanistan,2020-08-10,37140,33.93911,67.709953,7.0,37.0,11.0,8.0,-17.0,1.0,0.0,0.0,41.0,0.0,16.714285714285715,LOW
Afghanistan,2020-08-11,37355,33.93911,67.709953,2.0,26.0,9.0,0.0,-9.0,-1.0,215.0,0.0,0.0,5.0,47.42857142857143,LOW
Afghanistan,2020-08-11,37355,33.93911,67.709953,8.0,27.0,9.0,7.0,-16.0,2.0,0.0,215.0,78.0,-0.9555555555555556,36.285714285714285,LOW
Afghanistan,2020-08-12,37431,33.93911,67.709953,4.0,27.0,5.0,-1.0,-9.0,-1.0,76.0,0.0,0.0,5.0,47.142857142857146,LOW
Afghanistan,2020-08-12,37431,33.93911,67.709953,7.0,28.0,7.0,5.0,-16.0,3.0,0.0,76.0,39.0,-0.8837209302325582,41.57142857142857,LOW
Afghanistan,2020-08-13,37510,33.93911,67.709953,1.0,22.0,7.0,-2.0,-7.0,1.0,79.0,0.0,0.0,5.0,52.857142857142854,LOW
Afghanistan,2020-08-13,37510,33.93911,67.709953,2.0,21.0,5.0,4.0,-13.0,4.0,0.0,79.0,0.0,-0.8876404494382022,52.857142857142854,LOW
Afghanistan,2020-08-14,37517,33.93911,67.709953,3.0,25.0,12.0,-3.0,-1.0,1.0,7.0,0.0,0.0,0.7,53.857142857142854,LOW
Afghanistan,2020-08-14,37517,33.93911,67.709953,1.0,20.0,14.0,4.0,-4.0,4.0,0.0,7.0,215.0,-0.4117647058823529,23.142857142857142,LOW
Afghanistan,2020-08-15,37637,33.93911,67.709953,4.0,27.0,9.0,3.0,-5.0,-1.0,120.0,0.0,0.0,5.0,40.285714285714285,LOW
Afghanistan,2020-08-15,37637,33.93911,67.709953,6.0,29.0,9.0,11.0,-10.0,2.0,0.0,120.0,76.0,-0.9230769230769231,29.428571428571427,LOW
Afghanistan,2020-08-16,37682,33.93911,67.709953,6.0,27.0,9.0,2.0,-8.0,-2.0,45.0,0.0,0.0,4.5,35.857142857142854,LOW
Afghanistan,2020-08-16,37682,33.93911,67.709953,7.0,25.0,7.0,7.0,-15.0,1.0,0.0,45.0,79.0,-0.8181818181818182,24.571428571428573,LOW
Afghanistan,2020-08-17,37682,33.93911,67.709953,0.0,0.0,11.0,3.0,-6.0,-3.0,0.0,0.0,0.0,0.0,24.571428571428573,LOW
Afghanistan,2020-08-17,37682,33.93911,67.709953,0.0,0.0,0.0,11.0,-13.0,0.0,0.0,0.0,7.0,0.0,23.571428571428573,LOW
Afghanistan,2020-08-18,37685,33.93911,67.709953,0.0,0.0,2.0,-15.0,-40.0,5.0,3.0,0.0,0.0,0.3,24.0,LOW
Afghanistan,2020-08-18,37685,33.93911,67.709953,0.0,0.0,0.0,-8.0,-55.0,10.0,0.0,3.0,120.0,-0.23076923076923078,6.857142857142857,LOW
Afghanistan,2020-08-19,37685,33.93911,67.709953,0.0,0.0,7.0,-4.0,-7.0,-2.0,0.0,0.0,0.0,0.0,6.857142857142857,LOW
Afghanistan,2020-08-19,37685,33.93911,67.709953,0.0,0.0,0.0,4.0,-13.0,1.0,0.0,0.0,45.0,0.0,0.42857142857142855,LOW
Afghanistan,2020-08-20,37845,33.93911,67.709953,0.0,0.0,8.0,-3.0,-3.0,1.0,160.0,0.0,0.0,5.0,23.285714285714285,LOW
Afghanistan,2020-08-20,37845,33.93911,67.709953,0.0,0.0,0.0,6.0,-8.0,4.0,0.0,160.0,0.0,-0.9411764705882353,23.285714285714285,LOW
Afghanistan,2020-08-21,37942,33.93911,67.709953,0.0,0.0,12.0,0.0,1.0,1.0,97.0,0.0,0.0,5.0,37.142857142857146,LOW
Afghanistan,2020-08-21,37942,33.93911,67.709953,0.0,0.0,0.0,6.0,-2.0,4.0,0.0,97.0,3.0,-0.9065420560747663,36.714285714285715,LOW
Afghanistan,2020-08-22,37980,33.93911,67.709953,0.0,0.0,11.0,-2.0,-2.0,-1.0,38.0,0.0,0.0,3.8,42.142857142857146,LOW
Afghanistan,2020-08-22,37980,33.93911,67.709953,0.0,0.0,0.0,8.0,-5.0,1.0,0.0,38.0,0.0,-0.7916666666666666,42.142857142857146,LOW
Afghanistan,2020-08-23,38039,33.93911,67.709953,0.0,0.0,7.0,2.0,-4.0,-1.0,59.0,0.0,0.0,5.0,50.57142857142857,LOW
Afghanistan,2020-08-23,38039,33.93911,67.709953,0.0,0.0,0.0,10.0,-10.0,1.0,0.0,59.0,160.0,-0.855072463768116,27.714285714285715,LOW
Afghanistan,2020-08-24,38085,33.93911,67.709953,0.0,0.0,9.0,-1.0,-4.0,-2.0,46.0,0.0,0.0,4.6,34.285714285714285,LOW
Afghanistan,2020-08-24,38085,33.93911,67.709953,0.0,0.0,0.0,8.0,-9.0,0.0,0.0,46.0,97.0,-0.8214285714285714,20.428571428571427,LOW
Afghanistan,2020-08-25,38156,33.93911,67.709953,0.0,0.0,8.0,-1.0,-3.0,-2.0,71.0,0.0,0.0,5.0,30.571428571428573,LOW
Afghanistan,2020-08-25,38156,33.93911,67.709953,0.0,0.0,0.0,9.0,-9.0,0.0,0.0,71.0,38.0,-0.8765432098765432,25.142857142857142,LOW
Afghanistan,2020-08-26,38199,33.93911,67.709953,0.0,0.0,6.0,-6.0,-4.0,-1.0,43.0,0.0,0.0,4.3,31.285714285714285,LOW
Afghanistan,2020-08-26,38199,33.93911,67.709953,0.0,0.0,0.0,4.0,-9.0,2.0,0.0,43.0,59.0,-0.8113207547169812,22.857142857142858,LOW
Afghanistan,2020-08-27,38215,33.93911,67.709953,0.0,0.0,6.0,-9.0,0.0,1.0,16.0,0.0,0.0,1.6,25.142857142857142,LOW
Afghanistan,2020-08-27,38215,33.93911,67.709953,0.0,0.0,0.0,1.0,-7.0,5.0,0.0,16.0,46.0,-0.6153846153846154,18.571428571428573,LOW
Afghanistan,2020-08-28,38226,33.93911,67.709953,0.0,0.0,7.0,0.0,2.0,2.0,11.0,0.0,0.0,1.1,20.142857142857142,LOW
Afghanistan,2020-08-28,38226,33.93911,67.709953,0.0,0.0,0.0,5.0,0.0,5.0,0.0,11.0,71.0,-0.5238095238095238,10.0,LOW
Afghanistan,2020-08-29,38229,33.93911,67.709953,0.0,0.0,2.0,-19.0,-11.0,3.0,3.0,0.0,0.0,0.3,10.428571428571429,LOW
Afghanistan,2020-08-29,38229,33.93911,67.709953,0.0,0.0,0.0,-9.0,-18.0,7.0,0.0,3.0,43.0,-0.23076923076923078,4.285714285714286,LOW
Afghanistan,2020-08-30,38229,33.93911,67.709953,0.0,0.0,-8.0,-30.0,-52.0,13.0,0.0,0.0,0.0,0.0,4.285714285714286,LOW
Afghanistan,2020-08-30,38229,33.93911,67.709953,0.0,0.0,-27.0,-23.0,-66.0,19.0,0.0,0.0,16.0,0.0,2.0,LOW
Afghanistan,2020-08-31,38248,33.93911,67.709953,0.0,0.0,12.0,-1.0,0.0,-1.0,19.0,0.0,0.0,1.9,4.714285714285714,LOW
Afghanistan,2020-08-31,38248,33.93911,67.709953,0.0,0.0,0.0,12.0,-5.0,1.0,0.0,19.0,11.0,-0.6551724137931034,3.142857142857143,LOW
Afghanistan,2020-09-01,38282,33.93911,67.709953,0.0,0.0,10.0,1.0,0.0,-1.0,34.0,0.0,0.0,3.4,8.0,LOW
Afghanistan,2020-09-01,38282,33.93911,67.709953,0.0,0.0,0.0,15.0,-6.0,2.0,0.0,34.0,3.0,-0.7727272727272727,7.571428571428571,LOW
Afghanistan,2020-09-02,38329,33.93911,67.709953,0.0,0.0,9.0,-6.0,-3.0,0.0,47.0,0.0,0.0,4.7,14.285714285714286,LOW
Afghanistan,2020-09-02,38329,33.93911,67.709953,0.0,0.0,0.0,7.0,-6.0,3.0,0.0,47.0,0.0,-0.8245614035087719,14.285714285714286,LOW
Afghanistan,2020-09-03,38374,33.93911,67.709953,0.0,0.0,9.0,-8.0,1.0,2.0,45.0,0.0,0.0,4.5,20.714285714285715,LOW
Afghanistan,2020-09-03,38374,33.93911,67.709953,0.0,0.0,0.0,4.0,-5.0,4.0,0.0,45.0,19.0,-0.8181818181818182,18.0,LOW
Afghanistan,2020-09-04,38374,33.93911,67.709953,0.0,0.0,7.0,0.0,0.0,3.0,0.0,0.0,0.0,0.0,18.0,LOW
Afghanistan,2020-09-04,38374,33.93911,67.709953,0.0,0.0,0.0,3.0,-5.0,4.0,0.0,0.0,34.0,0.0,13.142857142857142,LOW
Afghanistan,2020-09-05,38390,33.93911,67.709953,0.0,0.0,14.0,-5.0,-1.0,0.0,16.0,0.0,0.0,1.6,15.428571428571429,LOW
Afghanistan,2020-09-05,38390,33.93911,67.709953,0.0,0.0,0.0,9.0,-5.0,2.0,0.0,16.0,47.0,-0.6153846153846154,8.714285714285714,LOW
Afghanistan,2020-09-06,38484,33.93911,67.709953,0.0,0.0,10.0,-2.0,-2.0,0.0,94.0,0.0,0.0,5.0,22.142857142857142,LOW
Afghanistan,2020-09-06,38484,33.93911,67.709953,0.0,0.0,0.0,12.0,-6.0,2.0,0.0,94.0,45.0,-0.9038461538461539,15.714285714285714,LOW
Afghanistan,2020-09-07,38580,33.93911,67.709953,0.0,0.0,15.0,-1.0,-1.0,-2.0,96.0,0.0,0.0,5.0,29.428571428571427,LOW
Afghanistan,2020-09-07,38580,33.93911,67.709953,0.0,0.0,0.0,15.0,-5.0,0.0,0.0,96.0,0.0,-0.9056603773584906,29.428571428571427,LOW
Afghanistan,2020-09-08,38606,33.93911,67.709953,0.0,0.0,0.0,-21.0,-40.0,8.0,26.0,0.0,0.0,2.6,33.142857142857146,LOW
Afghanistan,2020-09-08,38606,33.93911,67.709953,0.0,0.0,0.0,-9.0,-58.0,15.0,0.0,26.0,16.0,-0.7222222222222222,30.857142857142858,LOW
Afghanistan,2020-09-09,38630,33.93911,67.709953,0.0,0.0,12.0,-9.0,-1.0,-1.0,24.0,0.0,0.0,2.4,34.285714285714285,LOW
Afghanistan,2020-09-09,38630,33.93911,67.709953,0.0,0.0,0.0,7.0,-4.0,2.0,0.0,24.0,94.0,-0.7058823529411765,20.857142857142858,LOW
Afghanistan,2020-09-10,38658,33.93911,67.709953,0.0,0.0,17.0,-9.0,2.0,1.0,28.0,0.0,0.0,2.8,24.857142857142858,LOW
Afghanistan,2020-09-10,38658,33.93911,67.709953,0.0,0.0,0.0,8.0,-1.0,4.0,0.0,28.0,96.0,-0.7368421052631579,11.142857142857142,LOW
Afghanistan,2020-09-11,38692,33.93911,67.709953,44.0,55.0,8.0,-19.0,-3.0,2.0,34.0,0.0,0.0,3.4,16.0,LOW
Afghanistan,2020-09-11,38692,33.93911,67.709953,31.0,55.0,29.0,-6.0,-4.0,4.0,0.0,34.0,26.0,-0.7727272727272727,12.285714285714286,LOW
Afghanistan,2020-09-12,38727,33.93911,67.709953,33.0,21.0,12.0,-18.0,-1.0,1.0,35.0,0.0,0.0,3.5,17.285714285714285,LOW
Afghanistan,2020-09-12,38727,33.93911,67.709953,36.0,22.0,31.0,-3.0,-1.0,3.0,0.0,35.0,24.0,-0.7777777777777778,13.857142857142858,LOW
Afghanistan,2020-09-13,38802,33.93911,67.709953,49.0,64.0,9.0,-19.0,-1.0,1.0,75.0,0.0,0.0,5.0,24.571428571428573,LOW
Afghanistan,2020-09-13,38802,33.93911,67.709953,33.0,55.0,18.0,-4.0,-6.0,3.0,0.0,75.0,28.0,-0.8823529411764706,20.571428571428573,LOW
Afghanistan,2020-09-14,38858,33.93911,67.709953,53.0,70.0,12.0,-17.0,5.0,0.0,56.0,0.0,0.0,5.0,28.571428571428573,LOW
Afghanistan,2020-09-14,38858,33.93911,67.709953,35.0,69.0,27.0,-3.0,2.0,1.0,0.0,56.0,34.0,-0.8484848484848485,23.714285714285715,LOW
Afghanistan,2020-09-15,38901,33.93911,67.709953,54.0,66.0,11.0,-14.0,5.0,0.0,43.0,0.0,0.0,4.3,29.857142857142858,LOW
Afghanistan,2020-09-15,38901,33.93911,67.709953,39.0,61.0,34.0,2.0,2.0,2.0,0.0,43.0,35.0,-0.8113207547169812,24.857142857142858,LOW
Afghanistan,2020-09-16,38941,33.93911,67.709953,55.0,65.0,12.0,-17.0,-1.0,1.0,40.0,0.0,0.0,4.0,30.571428571428573,LOW
Afghanistan,2020-09-16,38941,33.93911,67.709953,43.0,65.0,32.0,-3.0,-1.0,4.0,0.0,40.0,75.0,-0.8,19.857142857142858,LOW
Afghanistan,2020-09-17,38958,33.93911,67.709953,45.0,16.0,11.0,-12.0,5.0,2.0,17.0,0.0,0.0,1.7,22.285714285714285,LOW
Afghanistan,2020-09-17,38958,33.93911,67.709953,29.0,50.0,27.0,5.0,2.0,4.0,0.0,17.0,56.0,-0.6296296296296297,14.285714285714286,LOW
Afghanistan,2020-09-18,38969,33.93911,67.709953,39.0,45.0,4.0,-15.0,-2.0,4.0,11.0,0.0,0.0,1.1,15.857142857142858,LOW
Afghanistan,2020-09-18,38969,33.93911,67.709953,26.0,40.0,28.0,3.0,-4.0,6.0,0.0,11.0,43.0,-0.5238095238095238,9.714285714285714,LOW
Afghanistan,2020-09-19,39005,33.93911,67.709953,35.0,21.0,15.0,-11.0,1.0,1.0,36.0,0.0,0.0,3.6,14.857142857142858,LOW
Afghanistan,2020-09-19,39005,33.93911,67.709953,37.0,19.0,35.0,7.0,2.0,4.0,0.0,36.0,40.0,-0.782608695652174,9.142857142857142,LOW
Afghanistan,2020-09-20,39130,33.93911,67.709953,50.0,64.0,12.0,-11.0,3.0,2.0,125.0,0.0,0.0,5.0,27.0,LOW
Afghanistan,2020-09-20,39130,33.93911,67.709953,37.0,52.0,21.0,7.0,0.0,5.0,0.0,125.0,17.0,-0.9259259259259259,24.571428571428573,LOW
Afghanistan,2020-09-21,39160,33.93911,67.709953,54.0,68.0,17.0,-11.0,3.0,1.0,30.0,0.0,0.0,3.0,28.857142857142858,LOW
Afghanistan,2020-09-21,39160,33.93911,67.709953,36.0,60.0,28.0,8.0,-1.0,4.0,0.0,30.0,11.0,-0.75,27.285714285714285,LOW
Afghanistan,2020-09-22,39182,33.93911,67.709953,47.0,60.0,16.0,-5.0,1.0,2.0,22.0,0.0,0.0,2.2,30.428571428571427,LOW
Afghanistan,2020-09-22,39182,33.93911,67.709953,37.0,48.0,25.0,15.0,-1.0,5.0,0.0,22.0,36.0,-0.6875,25.285714285714285,LOW
Afghanistan,2020-09-23,39231,33.93911,67.709953,39.0,55.0,19.0,-4.0,-4.0,3.0,49.0,0.0,0.0,4.9,32.285714285714285,LOW
Afghanistan,2020-09-23,39231,33.93911,67.709953,28.0,46.0,24.0,17.0,-3.0,7.0,0.0,49.0,125.0,-0.8305084745762712,14.428571428571429,LOW
Afghanistan,2020-09-24,39256,33.93911,67.709953,37.0,12.0,17.0,-6.0,1.0,3.0,25.0,0.0,0.0,2.5,18.0,LOW
Afghanistan,2020-09-24,39256,33.93911,67.709953,23.0,46.0,18.0,14.0,0.0,7.0,0.0,25.0,30.0,-0.7142857142857143,13.714285714285714,LOW
Afghanistan,2020-09-25,39272,33.93911,67.709953,30.0,43.0,13.0,-10.0,-7.0,4.0,16.0,0.0,0.0,1.6,16.0,LOW
Afghanistan,2020-09-25,39272,33.93911,67.709953,17.0,38.0,19.0,11.0,-7.0,7.0,0.0,16.0,22.0,-0.6153846153846154,12.857142857142858,LOW
Afghanistan,2020-09-26,39278,33.93911,67.709953,24.0,15.0,19.0,-5.0,0.0,4.0,6.0,0.0,0.0,0.6,13.714285714285714,LOW
Afghanistan,2020-09-26,39278,33.93911,67.709953,26.0,7.0,22.0,15.0,1.0,7.0,0.0,6.0,49.0,-0.375,6.714285714285714,LOW
Afghanistan,2020-09-27,39313,33.93911,67.709953,42.0,57.0,22.0,0.0,0.0,4.0,35.0,0.0,0.0,3.5,11.714285714285714,LOW
Afghanistan,2020-09-27,39313,33.93911,67.709953,30.0,45.0,17.0,22.0,-1.0,7.0,0.0,35.0,25.0,-0.7777777777777778,8.142857142857142,LOW
Afghanistan,2020-09-28,39325,33.93911,67.709953,39.0,60.0,21.0,-2.0,3.0,2.0,12.0,0.0,0.0,1.2,9.857142857142858,LOW
Afghanistan,2020-09-28,39325,33.93911,67.709953,25.0,55.0,18.0,20.0,2.0,5.0,0.0,12.0,16.0,-0.5454545454545454,7.571428571428571,LOW
Afghanistan,2020-09-29,39340,33.93911,67.709953,37.0,54.0,16.0,-1.0,0.0,2.0,15.0,0.0,0.0,1.5,9.714285714285714,LOW
Afghanistan,2020-09-29,39340,33.93911,67.709953,26.0,46.0,23.0,20.0,-1.0,5.0,0.0,15.0,6.0,-0.6,8.857142857142858,LOW
Afghanistan,2020-09-30,39354,33.93911,67.709953,36.0,49.0,6.0,-5.0,-7.0,0.0,14.0,0.0,0.0,1.4,10.857142857142858,LOW
Afghanistan,2020-09-30,39354,33.93911,67.709953,24.0,48.0,20.0,16.0,-5.0,5.0,0.0,14.0,35.0,-0.5833333333333334,5.857142857142857,LOW
Afghanistan,2020-10-01,39371,33.93911,67.709953,33.0,7.0,1.0,-5.0,-3.0,-1.0,17.0,0.0,0.0,1.7,8.285714285714286,LOW
Afghanistan,2020-10-01,39371,33.93911,67.709953,21.0,37.0,20.0,17.0,-1.0,3.0,0.0,17.0,12.0,-0.6296296296296297,6.571428571428571,LOW
Afghanistan,2020-10-02,39376,33.93911,67.709953,32.0,48.0,-7.0,-9.0,-16.0,-1.0,5.0,0.0,0.0,0.5,7.285714285714286,LOW
Afghanistan,2020-10-02,39376,33.93911,67.709953,19.0,54.0,14.0,12.0,-12.0,2.0,0.0,5.0,15.0,-0.3333333333333333,5.142857142857143,LOW
Afghanistan,2020-10-03,39383,33.93911,67.709953,24.0,19.0,0.0,-9.0,-6.0,-2.0,7.0,0.0,0.0,0.7,6.142857142857143,LOW
Afghanistan,2020-10-03,39383,33.93911,67.709953,26.0,18.0,21.0,12.0,-1.0,2.0,0.0,7.0,14.0,-0.4117647058823529,4.142857142857143,LOW
Afghanistan,2020-10-04,39427,33.93911,67.709953,44.0,69.0,5.0,-7.0,-6.0,-1.0,44.0,0.0,0.0,4.4,10.428571428571429,LOW
Afghanistan,2020-10-04,39427,33.93911,67.709953,32.0,60.0,19.0,14.0,-4.0,2.0,0.0,44.0,17.0,-0.8148148148148148,8.0,LOW
Afghanistan,2020-10-05,39508,33.93911,67.709953,40.0,64.0,-2.0,-5.0,-4.0,-2.0,81.0,0.0,0.0,5.0,19.571428571428573,LOW
Afghanistan,2020-10-05,39508,33.93911,67.709953,24.0,61.0,14.0,17.0,-1.0,0.0,0.0,81.0,5.0,-0.8901098901098901,18.857142857142858,LOW
Afghanistan,2020-10-06,39572,33.93911,67.709953,39.0,57.0,-1.0,-5.0,-3.0,-3.0,64.0,0.0,0.0,5.0,28.0,LOW
Afghanistan,2020-10-06,39572,33.93911,67.709953,24.0,54.0,21.0,16.0,-1.0,1.0,0.0,64.0,7.0,-0.8648648648648649,27.0,LOW
Afghanistan,2020-10-07,39634,33.93911,67.709953,40.0,54.0,-2.0,-9.0,-5.0,-2.0,62.0,0.0,0.0,5.0,35.857142857142854,LOW
Afghanistan,2020-10-07,39634,33.93911,67.709953,28.0,53.0,12.0,10.0,-1.0,3.0,0.0,62.0,44.0,-0.8611111111111112,29.571428571428573,LOW
Afghanistan,2020-10-08,39702,33.93911,67.709953,42.0,17.0,0.0,-6.0,2.0,1.0,68.0,0.0,0.0,5.0,39.285714285714285,LOW
Afghanistan,2020-10-08,39702,33.93911,67.709953,25.0,55.0,13.0,15.0,4.0,4.0,0.0,68.0,81.0,-0.8717948717948718,27.714285714285715,LOW
Afghanistan,2020-10-09,39779,33.93911,67.709953,37.0,44.0,-4.0,-14.0,-11.0,4.0,77.0,0.0,0.0,5.0,38.714285714285715,LOW
Afghanistan,2020-10-09,39779,33.93911,67.709953,25.0,49.0,13.0,5.0,-9.0,6.0,0.0,77.0,64.0,-0.8850574712643678,29.571428571428573,LOW
Afghanistan,2020-10-10,39789,33.93911,67.709953,26.0,17.0,2.0,-13.0,0.0,3.0,10.0,0.0,0.0,1.0,31.0,LOW
Afghanistan,2020-10-10,39789,33.93911,67.709953,28.0,15.0,16.0,5.0,3.0,6.0,0.0,10.0,62.0,-0.5,22.142857142857142,LOW
Afghanistan,2020-10-11,39885,33.93911,67.709953,46.0,64.0,5.0,-7.0,2.0,3.0,96.0,0.0,0.0,5.0,35.857142857142854,LOW
Afghanistan,2020-10-11,39885,33.93911,67.709953,34.0,53.0,16.0,11.0,1.0,7.0,0.0,96.0,68.0,-0.9056603773584906,26.142857142857142,LOW
Afghanistan,2020-10-12,39956,33.93911,67.709953,48.0,64.0,1.0,-4.0,2.0,2.0,71.0,0.0,0.0,5.0,36.285714285714285,LOW
Afghanistan,2020-10-12,39956,33.93911,67.709953,33.0,64.0,20.0,16.0,2.0,5.0,0.0,71.0,77.0,-0.8765432098765432,25.285714285714285,LOW
Afghanistan,2020-10-13,40014,33.93911,67.709953,45.0,61.0,0.0,-5.0,1.0,1.0,58.0,0.0,0.0,5.0,33.57142857142857,LOW
Afghanistan,2020-10-13,40014,33.93911,67.709953,33.0,56.0,16.0,15.0,1.0,6.0,0.0,58.0,10.0,-0.8529411764705882,32.142857142857146,LOW
Afghanistan,2020-10-14,40080,33.93911,67.709953,45.0,63.0,0.0,-8.0,-1.0,2.0,66.0,0.0,0.0,5.0,41.57142857142857,LOW
Afghanistan,2020-10-14,40080,33.93911,67.709953,30.0,58.0,15.0,10.0,1.0,7.0,0.0,66.0,96.0,-0.868421052631579,27.857142857142858,LOW
Afghanistan,2020-10-15,40112,33.93911,67.709953,43.0,24.0,-1.0,-5.0,4.0,2.0,32.0,0.0,0.0,3.2,32.42857142857143,LOW
Afghanistan,2020-10-15,40112,33.93911,67.709953,29.0,61.0,14.0,16.0,6.0,6.0,0.0,32.0,71.0,-0.7619047619047619,22.285714285714285,LOW
Afghanistan,2020-10-16,40159,33.93911,67.709953,37.0,59.0,-3.0,-10.0,-7.0,4.0,47.0,0.0,0.0,4.7,29.0,LOW
Afghanistan,2020-10-16,40159,33.93911,67.709953,26.0,58.0,13.0,10.0,-7.0,7.0,0.0,47.0,58.0,-0.8245614035087719,20.714285714285715,LOW
Afghanistan,2020-10-17,40227,33.93911,67.709953,24.0,21.0,0.0,-9.0,1.0,2.0,68.0,0.0,0.0,5.0,30.428571428571427,LOW
Afghanistan,2020-10-17,40227,33.93911,67.709953,28.0,17.0,10.0,11.0,4.0,6.0,0.0,68.0,66.0,-0.8717948717948718,21.0,LOW
Afghanistan,2020-10-18,40286,33.93911,67.709953,42.0,61.0,4.0,-7.0,2.0,4.0,59.0,0.0,0.0,5.0,29.428571428571427,LOW
Afghanistan,2020-10-18,40286,33.93911,67.709953,29.0,53.0,8.0,13.0,2.0,8.0,0.0,59.0,32.0,-0.855072463768116,24.857142857142858,LOW
Afghanistan,2020-10-19,40373,33.93911,67.709953,43.0,73.0,2.0,-6.0,3.0,3.0,87.0,0.0,0.0,5.0,37.285714285714285,LOW
Afghanistan,2020-10-19,40373,33.93911,67.709953,27.0,64.0,12.0,15.0,3.0,6.0,0.0,87.0,47.0,-0.8969072164948454,30.571428571428573,LOW
Afghanistan,2020-10-20,40461,33.93911,67.709953,37.0,61.0,-1.0,-6.0,2.0,2.0,88.0,0.0,0.0,5.0,43.142857142857146,LOW
Afghanistan,2020-10-20,40461,33.93911,67.709953,23.0,51.0,11.0,15.0,0.0,6.0,0.0,88.0,68.0,-0.8979591836734694,33.42857142857143,LOW
Afghanistan,2020-10-21,40461,33.93911,67.709953,41.0,66.0,-1.0,-11.0,-2.0,3.0,0.0,0.0,0.0,0.0,33.42857142857143,LOW
Afghanistan,2020-10-21,40461,33.93911,67.709953,25.0,56.0,14.0,8.0,0.0,7.0,0.0,0.0,59.0,0.0,25.0,LOW
Afghanistan,2020-10-22,40510,33.93911,67.709953,47.0,28.0,0.0,-5.0,3.0,2.0,49.0,0.0,0.0,4.9,32.0,LOW
Afghanistan,2020-10-22,40510,33.93911,67.709953,29.0,68.0,23.0,17.0,4.0,6.0,0.0,49.0,87.0,-0.8305084745762712,19.571428571428573,LOW
Afghanistan,2020-10-23,40626,33.93911,67.709953,41.0,68.0,-6.0,-10.0,-9.0,4.0,116.0,0.0,0.0,5.0,36.142857142857146,LOW
Afghanistan,2020-10-23,40626,33.93911,67.709953,26.0,74.0,20.0,11.0,-8.0,6.0,0.0,116.0,88.0,-0.9206349206349206,23.571428571428573,LOW
Afghanistan,2020-10-24,40687,33.93911,67.709953,30.0,33.0,6.0,-9.0,0.0,2.0,61.0,0.0,0.0,5.0,32.285714285714285,LOW
Afghanistan,2020-10-24,40687,33.93911,67.709953,29.0,32.0,31.0,12.0,3.0,6.0,0.0,61.0,0.0,-0.8591549295774648,32.285714285714285,LOW
Afghanistan,2020-10-25,40768,33.93911,67.709953,50.0,77.0,2.0,-4.0,1.0,3.0,81.0,0.0,0.0,5.0,43.857142857142854,LOW
Afghanistan,2020-10-25,40768,33.93911,67.709953,35.0,68.0,24.0,19.0,0.0,7.0,0.0,81.0,49.0,-0.8901098901098901,36.857142857142854,LOW
Afghanistan,2020-10-26,40833,33.93911,67.709953,51.0,83.0,1.0,-6.0,3.0,1.0,65.0,0.0,0.0,5.0,46.142857142857146,LOW
Afghanistan,2020-10-26,40833,33.93911,67.709953,30.0,79.0,23.0,15.0,4.0,4.0,0.0,65.0,116.0,-0.8666666666666667,29.571428571428573,LOW
Afghanistan,2020-10-27,40937,33.93911,67.709953,50.0,68.0,-1.0,-5.0,1.0,1.0,104.0,0.0,0.0,5.0,44.42857142857143,LOW
Afghanistan,2020-10-27,40937,33.93911,67.709953,32.0,70.0,19.0,16.0,2.0,5.0,0.0,104.0,61.0,-0.9122807017543859,35.714285714285715,LOW
Afghanistan,2020-10-28,41032,33.93911,67.709953,47.0,67.0,-2.0,-4.0,-3.0,0.0,95.0,0.0,0.0,5.0,49.285714285714285,LOW
Afghanistan,2020-10-28,41032,33.93911,67.709953,31.0,68.0,20.0,17.0,-1.0,5.0,0.0,95.0,81.0,-0.9047619047619048,37.714285714285715,LOW
Afghanistan,2020-10-29,41145,33.93911,67.709953,15.0,-5.0,-15.0,-16.0,-43.0,10.0,113.0,0.0,0.0,5.0,53.857142857142854,LOW
Afghanistan,2020-10-29,41145,33.93911,67.709953,-4.0,19.0,-12.0,2.0,-52.0,14.0,0.0,113.0,65.0,-0.9186991869918699,44.57142857142857,LOW
Afghanistan,2020-10-30,41268,33.93911,67.709953,33.0,48.0,-9.0,-6.0,-13.0,3.0,123.0,0.0,0.0,5.0,62.142857142857146,LOW
Afghanistan,2020-10-30,41268,33.93911,67.709953,17.0,51.0,8.0,16.0,-10.0,5.0,0.0,123.0,104.0,-0.924812030075188,47.285714285714285,LOW
Afghanistan,2020-10-31,41334,33.93911,67.709953,25.0,17.0,-2.0,-8.0,-3.0,1.0,66.0,0.0,0.0,5.0,56.714285714285715,LOW
Afghanistan,2020-10-31,41334,33.93911,67.709953,23.0,12.0,11.0,12.0,0.0,4.0,0.0,66.0,95.0,-0.868421052631579,43.142857142857146,LOW

