Country/Region,Date,Cases,Lat,Long,retail_and_recreation_percent_change_from_baseline,grocery_and_pharmacy_percent_change_from_baseline,parks_percent_change_from_baseline,transit_stations_percent_change_from_baseline,workplaces_percent_change_from_baseline,residential_percent_change_from_baseline
Afghanistan,2020-01-22,0,33.93911,67.709953,0.0,0.0,0.0,0.0,0.0,0.0
Afghanistan,2020-01-23,0,33.93911,67.709953,0.0,0.0,0.0,0.0,0.0,0.0
Afghanistan,2020-01-24,0,33.93911,67.709953,0.0,0.0,0.0,0.0,0.0,0.0
Afghanistan,2020-01-25,0,33.93911,67.709953,0.0,0.0,0.0,0.0,0.0,0.0
Afghanistan,2020-01-26,0,33.93911,67.709953,0.0,0.0,0.0,0.0,0.0,0.0
Afghanistan,2020-01-27,0,33.93911,67.709953,0.0,0.0,0.0,0.0,0.0,0.0
Afghanistan,2020-01-28,0,33.93911,67.709953,0.0,0.0,0.0,0.0,0.0,0.0
Afghanistan,2020-01-29,0,33.93911,67.709953,0.0,0.0,0.0,0.0,0.0,0.0
Afghanistan,2020-01-30,0,33.93911,67.709953,0.0,0.0,0.0,0.0,0.0,0.0
Afghanistan,2020-01-31,0,33.93911,67.709953,0.0,0.0,0.0,0.0,0.0,0.0
Afghanistan,2020-02-01,0,33.93911,67.709953,0.0,0.0,0.0,0.0,0.0,0.0
Afghanistan,2020-02-02,0,33.93911,67.709953,0.0,0.0,0.0,0.0,0.0,0.0
Afghanistan,2020-02-03,0,33.93911,67.709953,0.0,0.0,0.0,0.0,0.0,0.0
Afghanistan,2020-02-04,0,33.93911,67.709953,0.0,0.0,0.0,0.0,0.0,0.0
Afghanistan,2020-02-05,0,33.93911,67.709953,0.0,0.0,0.0,0.0,0.0,0.0
Afghanistan,2020-02-06,0,33.93911,67.709953,0.0,0.0,0.0,0.0,0.0,0.0
Afghanistan,2020-02-07,0,33.93911,67.709953,0.0,0.0,0.0,0.0,0.0,0.0
Afghanistan,2020-02-08,0,33.93911,67.709953,0.0,0.0,0.0,0.0,0.0,0.0
Afghanistan,2020-02-09,0,33.93911,67.709953,0.0,0.0,0.0,0.0,0.0,0.0
Afghanistan,2020-02-10,0,33.93911,67.709953,0.0,0.0,0.0,0.0,0.0,0.0
Afghanistan,2020-02-11,0,33.93911,67.709953,0.0,0.0,0.0,0.0,0.0,0.0
Afghanistan,2020-02-12,0,33.93911,67.709953,0.0,0.0,0.0,0.0,0.0,0.0
Afghanistan,2020-02-13,0,33.93911,67.709953,0.0,0.0,0.0,0.0,0.0,0.0
Afghanistan,2020-02-14,0,33.93911,67.709953,0.0,0.0,0.0,0.0,0.0,0.0
Afghanistan,2020-02-15,0,33.93911,67.709953,-9.0,-10.0,0.0,-2.0,-28.0,5.0
Afghanistan,2020-02-15,0,33.93911,67.709953,-13.0,-12.0,-14.0,-2.0,-39.0,6.0
Afghanistan,2020-02-16,0,33.93911,67.709953,3.0,11.0,1.0,10.0,4.0,0.0
Afghanistan,2020-02-16,0,33.93911,67.709953,0.0,9.0,-1.0,10.0,2.0,-1.0
Afghanistan,2020-02-17,0,33.93911,67.709953,6.0,11.0,2.0,9.0,5.0,-1.0
Afghanistan,2020-02-17,0,33.93911,67.709953,1.0,11.0,-3.0,10.0,4.0,-2.0
Afghanistan,2020-02-18,0,33.93911,67.709953,3.0,5.0,3.0,9.0,6.0,-1.0
Afghanistan,2020-02-18,0,33.93911,67.709953,-1.0,4.0,3.0,8.0,4.0,0.0
Afghanistan,2020-02-19,0,33.93911,67.709953,-1.0,3.0,1.0,0.0,5.0,1.0
Afghanistan,2020-02-19,0,33.93911,67.709953,-4.0,2.0,-5.0,-1.0,1.0,2.0
Afghanistan,2020-02-20,0,33.93911,67.709953,-2.0,3.0,-1.0,4.0,6.0,1.0
Afghanistan,2020-02-20,0,33.93911,67.709953,-3.0,5.0,-3.0,5.0,5.0,1.0
Afghanistan,2020-02-21,0,33.93911,67.709953,0.0,9.0,4.0,7.0,6.0,0.0
Afghanistan,2020-02-21,0,33.93911,67.709953,-3.0,8.0,2.0,4.0,5.0,1.0
Afghanistan,2020-02-22,0,33.93911,67.709953,2.0,5.0,6.0,7.0,6.0,0.0
Afghanistan,2020-02-22,0,33.93911,67.709953,-2.0,8.0,3.0,5.0,4.0,0.0
Afghanistan,2020-02-23,0,33.93911,67.709953,2.0,6.0,2.0,7.0,6.0,1.0
Afghanistan,2020-02-23,0,33.93911,67.709953,-1.0,6.0,0.0,5.0,5.0,1.0
Afghanistan,2020-02-24,5,33.93911,67.709953,3.0,13.0,4.0,9.0,7.0,0.0
Afghanistan,2020-02-24,5,33.93911,67.709953,-2.0,15.0,1.0,8.0,6.0,-1.0
Afghanistan,2020-02-25,5,33.93911,67.709953,2.0,5.0,1.0,9.0,7.0,0.0
Afghanistan,2020-02-25,5,33.93911,67.709953,-2.0,7.0,4.0,8.0,5.0,1.0
Afghanistan,2020-02-26,5,33.93911,67.709953,-1.0,5.0,2.0,3.0,5.0,1.0
Afghanistan,2020-02-26,5,33.93911,67.709953,-2.0,5.0,0.0,1.0,3.0,1.0
Afghanistan,2020-02-27,5,33.93911,67.709953,-1.0,0.0,1.0,3.0,7.0,2.0
Afghanistan,2020-02-27,5,33.93911,67.709953,-1.0,5.0,3.0,2.0,6.0,1.0
Afghanistan,2020-02-28,5,33.93911,67.709953,-2.0,5.0,1.0,4.0,5.0,2.0
Afghanistan,2020-02-28,5,33.93911,67.709953,-3.0,7.0,6.0,1.0,8.0,1.0
Afghanistan,2020-02-29,5,33.93911,67.709953,-1.0,1.0,0.0,4.0,6.0,1.0
Afghanistan,2020-02-29,5,33.93911,67.709953,-4.0,1.0,3.0,2.0,6.0,1.0
Afghanistan,2020-03-01,5,33.93911,67.709953,3.0,10.0,2.0,10.0,9.0,0.0
Afghanistan,2020-03-01,5,33.93911,67.709953,1.0,6.0,1.0,7.0,7.0,1.0
Afghanistan,2020-03-02,5,33.93911,67.709953,5.0,7.0,3.0,8.0,8.0,-1.0
Afghanistan,2020-03-02,5,33.93911,67.709953,1.0,6.0,0.0,6.0,6.0,-1.0
Afghanistan,2020-03-03,5,33.93911,67.709953,3.0,6.0,2.0,7.0,8.0,0.0
Afghanistan,2020-03-03,5,33.93911,67.709953,4.0,7.0,1.0,6.0,6.0,0.0
Afghanistan,2020-03-04,5,33.93911,67.709953,-2.0,4.0,1.0,-1.0,7.0,1.0
Afghanistan,2020-03-04,5,33.93911,67.709953,-2.0,2.0,-1.0,-2.0,4.0,2.0
Afghanistan,2020-03-05,5,33.93911,67.709953,3.0,5.0,2.0,4.0,10.0,1.0
Afghanistan,2020-03-05,5,33.93911,67.709953,0.0,7.0,2.0,4.0,9.0,2.0
Afghanistan,2020-03-06,5,33.93911,67.709953,3.0,9.0,8.0,4.0,8.0,1.0
Afghanistan,2020-03-06,5,33.93911,67.709953,0.0,8.0,13.0,4.0,8.0,2.0
Afghanistan,2020-03-07,8,33.93911,67.709953,0.0,5.0,4.0,4.0,7.0,1.0
Afghanistan,2020-03-07,8,33.93911,67.709953,-1.0,7.0,6.0,2.0,6.0,1.0
Afghanistan,2020-03-08,8,33.93911,67.709953,5.0,8.0,4.0,7.0,7.0,0.0
Afghanistan,2020-03-08,8,33.93911,67.709953,5.0,6.0,7.0,5.0,6.0,-1.0
Afghanistan,2020-03-09,8,33.93911,67.709953,-15.0,-10.0,-4.0,-9.0,-22.0,6.0
Afghanistan,2020-03-09,8,33.93911,67.709953,-32.0,-29.0,-27.0,-13.0,-49.0,11.0
Afghanistan,2020-03-10,8,33.93911,67.709953,0.0,0.0,1.0,6.0,6.0,1.0
Afghanistan,2020-03-10,8,33.93911,67.709953,0.0,-1.0,4.0,4.0,4.0,1.0
Afghanistan,2020-03-11,11,33.93911,67.709953,2.0,-1.0,2.0,0.0,3.0,1.0
Afghanistan,2020-03-11,11,33.93911,67.709953,5.0,-5.0,3.0,-2.0,1.0,2.0
Afghanistan,2020-03-12,11,33.93911,67.709953,1.0,-4.0,1.0,-2.0,6.0,1.0
Afghanistan,2020-03-12,11,33.93911,67.709953,0.0,-4.0,1.0,-2.0,6.0,1.0
Afghanistan,2020-03-13,11,33.93911,67.709953,3.0,9.0,6.0,4.0,5.0,0.0
Afghanistan,2020-03-13,11,33.93911,67.709953,4.0,9.0,11.0,4.0,5.0,1.0
Afghanistan,2020-03-14,14,33.93911,67.709953,6.0,2.0,5.0,5.0,3.0,0.0
Afghanistan,2020-03-14,14,33.93911,67.709953,9.0,7.0,9.0,4.0,3.0,0.0
Afghanistan,2020-03-15,20,33.93911,67.709953,1.0,12.0,5.0,6.0,3.0,0.0
Afghanistan,2020-03-15,20,33.93911,67.709953,2.0,13.0,4.0,3.0,1.0,1.0
Afghanistan,2020-03-16,25,33.93911,67.709953,1.0,14.0,2.0,4.0,1.0,1.0
Afghanistan,2020-03-16,25,33.93911,67.709953,-1.0,17.0,0.0,4.0,-1.0,1.0
Afghanistan,2020-03-17,26,33.93911,67.709953,0.0,6.0,3.0,-3.0,1.0,0.0
Afghanistan,2020-03-17,26,33.93911,67.709953,0.0,9.0,5.0,-2.0,-2.0,2.0
Afghanistan,2020-03-18,26,33.93911,67.709953,0.0,7.0,5.0,-6.0,-1.0,1.0
Afghanistan,2020-03-18,26,33.93911,67.709953,0.0,7.0,5.0,-5.0,-5.0,2.0
Afghanistan,2020-03-19,26,33.93911,67.709953,-3.0,3.0,5.0,-6.0,-2.0,2.0
Afghanistan,2020-03-19,26,33.93911,67.709953,-7.0,5.0,0.0,-5.0,-7.0,3.0
Afghanistan,2020-03-20,24,33.93911,67.709953,-15.0,1.0,7.0,-19.0,-7.0,1.0
Afghanistan,2020-03-20,24,33.93911,67.709953,-25.0,-13.0,1.0,-22.0,-12.0,2.0
Afghanistan,2020-03-21,24,33.93911,67.709953,-23.0,-13.0,1.0,-24.0,-36.0,6.0
Afghanistan,2020-03-21,24,33.93911,67.709953,-32.0,-22.0,-14.0,-27.0,-51.0,9.0
Afghanistan,2020-03-22,34,33.93911,67.709953,-12.0,9.0,-2.0,-14.0,-6.0,1.0
Afghanistan,2020-03-22,34,33.93911,67.709953,-15.0,4.0,-9.0,-14.0,-10.0,4.0
Afghanistan,2020-03-23,40,33.93911,67.709953,-11.0,7.0,0.0,-17.0,-3.0,2.0
Afghanistan,2020-03-23,40,33.93911,67.709953,-18.0,5.0,-15.0,-16.0,-8.0,3.0
Afghanistan,2020-03-24,42,33.93911,67.709953,-15.0,0.0,-1.0,-18.0,-5.0,3.0
Afghanistan,2020-03-24,42,33.93911,67.709953,-19.0,-2.0,-12.0,-18.0,-11.0,6.0
Afghanistan,2020-03-25,74,33.93911,67.709953,-18.0,-1.0,-3.0,-23.0,-10.0,6.0
Afghanistan,2020-03-25,74,33.93911,67.709953,-20.0,-3.0,-16.0,-22.0,-14.0,8.0
Afghanistan,2020-03-26,80,33.93911,67.709953,-18.0,0.0,-4.0,-23.0,-10.0,7.0
Afghanistan,2020-03-26,80,33.93911,67.709953,-18.0,3.0,-15.0,-22.0,-11.0,8.0
Afghanistan,2020-03-27,91,33.93911,67.709953,-20.0,5.0,-2.0,-16.0,-2.0,5.0
Afghanistan,2020-03-27,91,33.93911,67.709953,-23.0,10.0,-10.0,-16.0,-1.0,5.0
Afghanistan,2020-03-28,106,33.93911,67.709953,-36.0,-20.0,-7.0,-32.0,-27.0,11.0
Afghanistan,2020-03-28,106,33.93911,67.709953,-47.0,-29.0,-32.0,-36.0,-38.0,14.0
Afghanistan,2020-03-29,114,33.93911,67.709953,-38.0,-21.0,-13.0,-34.0,-33.0,10.0
Afghanistan,2020-03-29,114,33.93911,67.709953,-50.0,-38.0,-41.0,-40.0,-47.0,15.0
Afghanistan,2020-03-30,114,33.93911,67.709953,-41.0,-25.0,-15.0,-39.0,-37.0,11.0
Afghanistan,2020-03-30,114,33.93911,67.709953,-56.0,-37.0,-47.0,-44.0,-50.0,16.0
Afghanistan,2020-03-31,166,33.93911,67.709953,-43.0,-29.0,-14.0,-42.0,-38.0,12.0
Afghanistan,2020-03-31,166,33.93911,67.709953,-57.0,-41.0,-43.0,-48.0,-52.0,17.0
Afghanistan,2020-04-01,192,33.93911,67.709953,-44.0,-24.0,-9.0,-38.0,-37.0,11.0
Afghanistan,2020-04-01,192,33.93911,67.709953,-55.0,-37.0,-35.0,-42.0,-51.0,17.0
Afghanistan,2020-04-02,235,33.93911,67.709953,-44.0,-25.0,-10.0,-35.0,-35.0,13.0
Afghanistan,2020-04-02,235,33.93911,67.709953,-54.0,-38.0,-36.0,-41.0,-46.0,18.0
Afghanistan,2020-04-03,269,33.93911,67.709953,-38.0,-13.0,-8.0,-32.0,-12.0,6.0
Afghanistan,2020-04-03,269,33.93911,67.709953,-47.0,-24.0,-28.0,-38.0,-13.0,8.0
Afghanistan,2020-04-04,270,33.93911,67.709953,-43.0,-20.0,-11.0,-38.0,-34.0,10.0
Afghanistan,2020-04-04,270,33.93911,67.709953,-53.0,-33.0,-39.0,-45.0,-45.0,14.0
Afghanistan,2020-04-05,299,33.93911,67.709953,-45.0,-22.0,-13.0,-36.0,-38.0,12.0
Afghanistan,2020-04-05,299,33.93911,67.709953,-54.0,-40.0,-42.0,-43.0,-50.0,16.0
Afghanistan,2020-04-06,337,33.93911,67.709953,-45.0,-20.0,-11.0,-40.0,-40.0,11.0
Afghanistan,2020-04-06,337,33.93911,67.709953,-56.0,-34.0,-44.0,-46.0,-50.0,15.0
Afghanistan,2020-04-07,367,33.93911,67.709953,-41.0,-24.0,-11.0,-46.0,-39.0,10.0
Afghanistan,2020-04-07,367,33.93911,67.709953,-54.0,-38.0,-40.0,-43.0,-52.0,14.0
Afghanistan,2020-04-08,423,33.93911,67.709953,-47.0,-30.0,-12.0,-52.0,-42.0,14.0
Afghanistan,2020-04-08,423,33.93911,67.709953,-60.0,-45.0,-47.0,-49.0,-56.0,21.0
Afghanistan,2020-04-09,444,33.93911,67.709953,-49.0,-35.0,-13.0,-51.0,-40.0,17.0
Afghanistan,2020-04-09,444,33.93911,67.709953,-63.0,-49.0,-48.0,-48.0,-53.0,23.0
Afghanistan,2020-04-10,521,33.93911,67.709953,-41.0,-22.0,-10.0,-48.0,-16.0,11.0
Afghanistan,2020-04-10,521,33.93911,67.709953,-57.0,-34.0,-37.0,-43.0,-21.0,16.0
Afghanistan,2020-04-11,521,33.93911,67.709953,-46.0,-32.0,-12.0,-50.0,-38.0,16.0
Afghanistan,2020-04-11,521,33.93911,67.709953,-61.0,-47.0,-49.0,-48.0,-50.0,22.0
Afghanistan,2020-04-12,555,33.93911,67.709953,-48.0,-29.0,-18.0,-49.0,-41.0,15.0
Afghanistan,2020-04-12,555,33.93911,67.709953,-61.0,-46.0,-51.0,-47.0,-54.0,23.0
Afghanistan,2020-04-13,607,33.93911,67.709953,-46.0,-27.0,-13.0,-51.0,-41.0,14.0
Afghanistan,2020-04-13,607,33.93911,67.709953,-59.0,-43.0,-48.0,-47.0,-53.0,21.0
Afghanistan,2020-04-14,665,33.93911,67.709953,-48.0,-32.0,-14.0,-52.0,-42.0,15.0
Afghanistan,2020-04-14,665,33.93911,67.709953,-61.0,-48.0,-47.0,-50.0,-54.0,21.0
Afghanistan,2020-04-15,770,33.93911,67.709953,-42.0,-31.0,-10.0,-51.0,-42.0,14.0
Afghanistan,2020-04-15,770,33.93911,67.709953,-55.0,-45.0,-41.0,-48.0,-52.0,21.0
Afghanistan,2020-04-16,794,33.93911,67.709953,-46.0,-34.0,-13.0,-51.0,-39.0,16.0
Afghanistan,2020-04-16,794,33.93911,67.709953,-59.0,-47.0,-43.0,-50.0,-50.0,22.0
Afghanistan,2020-04-17,845,33.93911,67.709953,-41.0,-21.0,-12.0,-51.0,-13.0,11.0
Afghanistan,2020-04-17,845,33.93911,67.709953,-55.0,-36.0,-40.0,-48.0,-18.0,16.0
Afghanistan,2020-04-18,908,33.93911,67.709953,-43.0,-25.0,-15.0,-50.0,-36.0,14.0
Afghanistan,2020-04-18,908,33.93911,67.709953,-54.0,-39.0,-43.0,-47.0,-47.0,20.0
Afghanistan,2020-04-19,933,33.93911,67.709953,-43.0,-26.0,-16.0,-49.0,-40.0,13.0
Afghanistan,2020-04-19,933,33.93911,67.709953,-55.0,-46.0,-46.0,-47.0,-52.0,21.0
Afghanistan,2020-04-20,996,33.93911,67.709953,-42.0,-17.0,-13.0,-50.0,-38.0,12.0
Afghanistan,2020-04-20,996,33.93911,67.709953,-54.0,-32.0,-45.0,-45.0,-50.0,18.0
Afghanistan,2020-04-21,1026,33.93911,67.709953,-41.0,-21.0,-13.0,-48.0,-40.0,11.0
Afghanistan,2020-04-21,1026,33.93911,67.709953,-51.0,-40.0,-40.0,-43.0,-51.0,18.0
Afghanistan,2020-04-22,1092,33.93911,67.709953,-42.0,-18.0,-14.0,-49.0,-38.0,11.0
Afghanistan,2020-04-22,1092,33.93911,67.709953,-52.0,-31.0,-39.0,-45.0,-51.0,18.0
Afghanistan,2020-04-23,1176,33.93911,67.709953,-43.0,-23.0,-16.0,-45.0,-37.0,13.0
Afghanistan,2020-04-23,1176,33.93911,67.709953,-53.0,-39.0,-41.0,-41.0,-49.0,19.0
Afghanistan,2020-04-24,1226,33.93911,67.709953,-45.0,-19.0,-25.0,-50.0,-9.0,14.0
Afghanistan,2020-04-24,1226,33.93911,67.709953,-56.0,-33.0,-46.0,-46.0,-16.0,19.0
Afghanistan,2020-04-25,1330,33.93911,67.709953,-48.0,-27.0,-23.0,-49.0,-33.0,18.0
Afghanistan,2020-04-25,1330,33.93911,67.709953,-59.0,-39.0,-50.0,-47.0,-48.0,24.0
Afghanistan,2020-04-26,1463,33.93911,67.709953,-47.0,-27.0,-23.0,-48.0,-37.0,17.0
Afghanistan,2020-04-26,1463,33.93911,67.709953,-56.0,-42.0,-50.0,-46.0,-51.0,24.0
Afghanistan,2020-04-27,1531,33.93911,67.709953,-49.0,-28.0,-22.0,-53.0,-47.0,16.0
Afghanistan,2020-04-27,1531,33.93911,67.709953,-60.0,-40.0,-52.0,-49.0,-61.0,20.0
Afghanistan,2020-04-28,1703,33.93911,67.709953,-45.0,-27.0,-19.0,-47.0,-35.0,13.0
Afghanistan,2020-04-28,1703,33.93911,67.709953,-56.0,-41.0,-47.0,-45.0,-49.0,18.0
Afghanistan,2020-04-29,1827,33.93911,67.709953,-42.0,-20.0,-16.0,-46.0,-34.0,14.0
Afghanistan,2020-04-29,1827,33.93911,67.709953,-55.0,-34.0,-45.0,-45.0,-48.0,21.0
Afghanistan,2020-04-30,1827,33.93911,67.709953,-47.0,-30.0,-19.0,-48.0,-33.0,17.0
Afghanistan,2020-04-30,1827,33.93911,67.709953,-59.0,-45.0,-47.0,-46.0,-47.0,23.0
Afghanistan,2020-05-01,2171,33.93911,67.709953,-45.0,-21.0,-23.0,-50.0,-8.0,13.0
Afghanistan,2020-05-01,2171,33.93911,67.709953,-57.0,-31.0,-42.0,-45.0,-17.0,17.0
Afghanistan,2020-05-02,2469,33.93911,67.709953,-47.0,-27.0,-22.0,-49.0,-33.0,16.0
Afghanistan,2020-05-02,2469,33.93911,67.709953,-57.0,-37.0,-48.0,-48.0,-47.0,22.0
Afghanistan,2020-05-03,2469,33.93911,67.709953,-49.0,-30.0,-27.0,-49.0,-38.0,16.0
Afghanistan,2020-05-03,2469,33.93911,67.709953,-58.0,-41.0,-50.0,-47.0,-52.0,23.0
Afghanistan,2020-05-04,2469,33.93911,67.709953,-45.0,-23.0,-22.0,-49.0,-35.0,14.0
Afghanistan,2020-05-04,2469,33.93911,67.709953,-57.0,-31.0,-47.0,-45.0,-49.0,20.0
Afghanistan,2020-05-05,2469,33.93911,67.709953,-45.0,-28.0,-21.0,-48.0,-36.0,15.0
Afghanistan,2020-05-05,2469,33.93911,67.709953,-55.0,-38.0,-45.0,-44.0,-52.0,23.0
Afghanistan,2020-05-06,3224,33.93911,67.709953,-44.0,-23.0,-20.0,-47.0,-34.0,15.0
Afghanistan,2020-05-06,3224,33.93911,67.709953,-53.0,-32.0,-43.0,-43.0,-49.0,23.0
Afghanistan,2020-05-07,3392,33.93911,67.709953,-44.0,-25.0,-21.0,-45.0,-32.0,16.0
Afghanistan,2020-05-07,3392,33.93911,67.709953,-53.0,-38.0,-45.0,-41.0,-47.0,23.0
Afghanistan,2020-05-08,3563,33.93911,67.709953,-39.0,-13.0,-18.0,-42.0,-3.0,10.0
Afghanistan,2020-05-08,3563,33.93911,67.709953,-49.0,-23.0,-34.0,-37.0,-11.0,15.0
Afghanistan,2020-05-09,3563,33.93911,67.709953,-40.0,-17.0,-20.0,-41.0,-30.0,12.0
Afghanistan,2020-05-09,3563,33.93911,67.709953,-49.0,-26.0,-41.0,-37.0,-43.0,19.0
Afghanistan,2020-05-10,4402,33.93911,67.709953,-40.0,-21.0,-24.0,-43.0,-34.0,14.0
Afghanistan,2020-05-10,4402,33.93911,67.709953,-49.0,-33.0,-43.0,-38.0,-48.0,21.0
Afghanistan,2020-05-11,4664,33.93911,67.709953,-38.0,-11.0,-19.0,-43.0,-31.0,12.0
Afghanistan,2020-05-11,4664,33.93911,67.709953,-49.0,-21.0,-43.0,-38.0,-46.0,19.0
Afghanistan,2020-05-12,4967,33.93911,67.709953,-38.0,-14.0,-19.0,-41.0,-32.0,13.0
Afghanistan,2020-05-12,4967,33.93911,67.709953,-49.0,-28.0,-41.0,-37.0,-46.0,21.0
Afghanistan,2020-05-13,4967,33.93911,67.709953,-38.0,-12.0,-19.0,-44.0,-30.0,13.0
Afghanistan,2020-05-13,4967,33.93911,67.709953,-49.0,-15.0,-40.0,-40.0,-45.0,20.0
Afghanistan,2020-05-14,5339,33.93911,67.709953,-37.0,-12.0,-16.0,-44.0,-26.0,13.0
Afghanistan,2020-05-14,5339,33.93911,67.709953,-48.0,-19.0,-35.0,-41.0,-41.0,20.0
Afghanistan,2020-05-15,6053,33.93911,67.709953,-28.0,3.0,-15.0,-34.0,8.0,10.0
Afghanistan,2020-05-15,6053,33.93911,67.709953,-41.0,-2.0,-31.0,-32.0,0.0,14.0
Afghanistan,2020-05-16,6402,33.93911,67.709953,-28.0,-1.0,-12.0,-34.0,-23.0,12.0
Afghanistan,2020-05-16,6402,33.93911,67.709953,-37.0,-7.0,-32.0,-31.0,-36.0,18.0
Afghanistan,2020-05-17,6635,33.93911,67.709953,-32.0,-11.0,-21.0,-39.0,-30.0,13.0
Afghanistan,2020-05-17,6635,33.93911,67.709953,-36.0,-18.0,-34.0,-35.0,-43.0,19.0
Afghanistan,2020-05-18,7072,33.93911,67.709953,-29.0,2.0,-15.0,-36.0,-28.0,11.0
Afghanistan,2020-05-18,7072,33.93911,67.709953,-35.0,0.0,-32.0,-31.0,-40.0,16.0
Afghanistan,2020-05-19,7655,33.93911,67.709953,0.0,0.0,0.0,0.0,0.0,0.0
Afghanistan,2020-05-20,8145,33.93911,67.709953,0.0,0.0,0.0,0.0,0.0,0.0
Afghanistan,2020-05-21,8676,33.93911,67.709953,0.0,0.0,0.0,0.0,0.0,0.0
Afghanistan,2020-05-22,9216,33.93911,67.709953,0.0,0.0,0.0,0.0,0.0,0.0
Afghanistan,2020-05-23,9952,33.93911,67.709953,0.0,0.0,0.0,0.0,0.0,0.0
Afghanistan,2020-05-24,10668,33.93911,67.709953,0.0,0.0,0.0,0.0,0.0,0.0
Afghanistan,2020-05-25,11180,33.93911,67.709953,0.0,0.0,0.0,0.0,0.0,0.0
Afghanistan,2020-05-26,11917,33.93911,67.709953,0.0,0.0,0.0,0.0,0.0,0.0
Afghanistan,2020-05-27,12465,33.93911,67.709953,0.0,0.0,0.0,0.0,0.0,0.0
Afghanistan,2020-05-28,13102,33.93911,67.709953,0.0,0.0,0.0,0.0,0.0,0.0
Afghanistan,2020-05-29,13745,33.93911,67.709953,0.0,0.0,0.0,0.0,0.0,0.0
Afghanistan,2020-05-30,14529,33.93911,67.709953,0.0,0.0,0.0,0.0,0.0,0.0
Afghanistan,2020-05-31,15180,33.93911,67.709953,0.0,0.0,0.0,0.0,0.0,0.0
Afghanistan,2020-06-01,15836,33.93911,67.709953,0.0,0.0,0.0,0.0,0.0,0.0
Afghanistan,2020-06-02,16578,33.93911,67.709953,0.0,0.0,0.0,0.0,0.0,0.0
Afghanistan,2020-06-03,17353,33.93911,67.709953,0.0,0.0,0.0,0.0,0.0,0.0
Afghanistan,2020-06-04,17977,33.93911,67.709953,0.0,0.0,0.0,0.0,0.0,0.0
Afghanistan,2020-06-05,19055,33.93911,67.709953,0.0,0.0,0.0,0.0,0.0,0.0
Afghanistan,2020-06-06,19637,33.93911,67.709953,0.0,0.0,0.0,0.0,0.0,0.0
Afghanistan,2020-06-07,20428,33.93911,67.709953,0.0,0.0,0.0,0.0,0.0,0.0
Afghanistan,2020-06-08,21003,33.93911,67.709953,0.0,0.0,0.0,0.0,0.0,0.0
Afghanistan,2020-06-09,21308,33.93911,67.709953,0.0,0.0,0.0,0.0,0.0,0.0
Afghanistan,2020-06-10,22228,33.93911,67.709953,0.0,0.0,0.0,0.0,0.0,0.0
Afghanistan,2020-06-11,22976,33.93911,67.709953,0.0,0.0,0.0,0.0,0.0,0.0
Afghanistan,2020-06-12,23632,33.93911,67.709953,0.0,0.0,0.0,0.0,0.0,0.0
Afghanistan,2020-06-13,24188,33.93911,67.709953,0.0,0.0,0.0,0.0,0.0,0.0
Afghanistan,2020-06-14,24852,33.93911,67.709953,0.0,0.0,0.0,0.0,0.0,0.0
Afghanistan,2020-06-15,25613,33.93911,67.709953,0.0,0.0,0.0,0.0,0.0,0.0
Afghanistan,2020-06-16,25719,33.93911,67.709953,0.0,0.0,0.0,0.0,0.0,0.0
Afghanistan,2020-06-17,26960,33.93911,67.709953,0.0,0.0,0.0,0.0,0.0,0.0
Afghanistan,2020-06-18,27423,33.93911,67.709953,0.0,0.0,0.0,0.0,0.0,0.0
Afghanistan,2020-06-19,27964,33.93911,67.709953,0.0,0.0,0.0,0.0,0.0,0.0
Afghanistan,2020-06-20,28383,33.93911,67.709953,0.0,0.0,0.0,0.0,0.0,0.0
Afghanistan,2020-06-21,28919,33.93911,67.709953,0.0,0.0,0.0,0.0,0.0,0.0
Afghanistan,2020-06-22,29229,33.93911,67.709953,0.0,0.0,0.0,0.0,0.0,0.0
Afghanistan,2020-06-23,29567,33.93911,67.709953,0.0,0.0,0.0,0.0,0.0,0.0
Afghanistan,2020-06-24,29726,33.93911,67.709953,0.0,0.0,0.0,0.0,0.0,0.0
Afghanistan,2020-06-25,30261,33.93911,67.709953,0.0,0.0,0.0,0.0,0.0,0.0
Afghanistan,2020-06-26,30346,33.93911,67.709953,0.0,0.0,0.0,0.0,0.0,0.0
Afghanistan,2020-06-27,30702,33.93911,67.709953,0.0,0.0,0.0,0.0,0.0,0.0
Afghanistan,2020-06-28,31053,33.93911,67.709953,0.0,0.0,0.0,0.0,0.0,0.0
Afghanistan,2020-06-29,31324,33.93911,67.709953,0.0,0.0,0.0,0.0,0.0,0.0
Afghanistan,2020-06-30,31445,33.93911,67.709953,0.0,0.0,0.0,0.0,0.0,0.0
Afghanistan,2020-07-01,31848,33.93911,67.709953,0.0,0.0,0.0,0.0,0.0,0.0
Afghanistan,2020-07-02,32108,33.93911,67.709953,0.0,0.0,0.0,0.0,0.0,0.0
Afghanistan,2020-07-03,32410,33.93911,67.709953,-14.0,9.0,-1.0,-22.0,-2.0,4.0
Afghanistan,2020-07-03,32410,33.93911,67.709953,-23.0,5.0,-2.0,-16.0,-6.0,6.0
Afghanistan,2020-07-04,32758,33.93911,67.709953,-10.0,11.0,-3.0,-17.0,-15.0,6.0
Afghanistan,2020-07-04,32758,33.93911,67.709953,-17.0,12.0,-10.0,-10.0,-24.0,11.0
Afghanistan,2020-07-05,33037,33.93911,67.709953,-9.0,12.0,-3.0,-14.0,-17.0,7.0
Afghanistan,2020-07-05,33037,33.93911,67.709953,-15.0,4.0,-12.0,-8.0,-28.0,12.0
Afghanistan,2020-07-06,33150,33.93911,67.709953,-7.0,20.0,-1.0,-13.0,-17.0,5.0
Afghanistan,2020-07-06,33150,33.93911,67.709953,-16.0,20.0,-12.0,-6.0,-26.0,9.0
Afghanistan,2020-07-07,33470,33.93911,67.709953,-5.0,18.0,-3.0,-12.0,-17.0,5.0
Afghanistan,2020-07-07,33470,33.93911,67.709953,-11.0,12.0,-8.0,-6.0,-28.0,9.0
Afghanistan,2020-07-08,33680,33.93911,67.709953,-9.0,12.0,-3.0,-18.0,-16.0,5.0
Afghanistan,2020-07-08,33680,33.93911,67.709953,-16.0,13.0,-8.0,-11.0,-27.0,9.0
Afghanistan,2020-07-09,33739,33.93911,67.709953,-9.0,12.0,-1.0,-16.0,-13.0,5.0
Afghanistan,2020-07-09,33739,33.93911,67.709953,-17.0,8.0,-6.0,-10.0,-23.0,11.0
Afghanistan,2020-07-10,34280,33.93911,67.709953,-7.0,15.0,3.0,-16.0,2.0,4.0
Afghanistan,2020-07-10,34280,33.93911,67.709953,-15.0,14.0,3.0,-9.0,-5.0,7.0
Afghanistan,2020-07-11,34437,33.93911,67.709953,-5.0,16.0,3.0,-11.0,-10.0,5.0
Afghanistan,2020-07-11,34437,33.93911,67.709953,-12.0,18.0,-3.0,-4.0,-18.0,9.0
Afghanistan,2020-07-12,34537,33.93911,67.709953,-5.0,21.0,-3.0,-10.0,-14.0,6.0
Afghanistan,2020-07-12,34537,33.93911,67.709953,-11.0,16.0,-12.0,-5.0,-24.0,10.0
Afghanistan,2020-07-13,34541,33.93911,67.709953,-4.0,26.0,-1.0,-9.0,-12.0,4.0
Afghanistan,2020-07-13,34541,33.93911,67.709953,-14.0,26.0,-8.0,-3.0,-20.0,8.0
Afghanistan,2020-07-14,34826,33.93911,67.709953,-6.0,18.0,-2.0,-10.0,-11.0,5.0
Afghanistan,2020-07-14,34826,33.93911,67.709953,-13.0,16.0,-6.0,-3.0,-21.0,10.0
Afghanistan,2020-07-15,35026,33.93911,67.709953,-6.0,14.0,-2.0,-14.0,-11.0,5.0
Afghanistan,2020-07-15,35026,33.93911,67.709953,-10.0,16.0,-6.0,-7.0,-20.0,10.0
Afghanistan,2020-07-16,35156,33.93911,67.709953,-7.0,14.0,-5.0,-11.0,-10.0,5.0
Afghanistan,2020-07-16,35156,33.93911,67.709953,-13.0,16.0,-9.0,-3.0,-20.0,10.0
Afghanistan,2020-07-17,35315,33.93911,67.709953,-5.0,18.0,3.0,-11.0,3.0,3.0
Afghanistan,2020-07-17,35315,33.93911,67.709953,-9.0,19.0,7.0,-3.0,-2.0,6.0
Afghanistan,2020-07-18,35375,33.93911,67.709953,-4.0,19.0,-2.0,-10.0,-8.0,4.0
Afghanistan,2020-07-18,35375,33.93911,67.709953,-9.0,24.0,-6.0,-2.0,-15.0,8.0
Afghanistan,2020-07-19,35561,33.93911,67.709953,-4.0,24.0,-1.0,-6.0,-10.0,4.0
Afghanistan,2020-07-19,35561,33.93911,67.709953,-7.0,25.0,-6.0,1.0,-18.0,9.0
Afghanistan,2020-07-20,35595,33.93911,67.709953,-1.0,24.0,-2.0,-9.0,-10.0,4.0
Afghanistan,2020-07-20,35595,33.93911,67.709953,-5.0,28.0,-10.0,-1.0,-16.0,7.0
Afghanistan,2020-07-21,35701,33.93911,67.709953,-5.0,18.0,0.0,-10.0,-11.0,4.0
Afghanistan,2020-07-21,35701,33.93911,67.709953,-8.0,19.0,-2.0,-3.0,-18.0,8.0
Afghanistan,2020-07-22,35813,33.93911,67.709953,-4.0,19.0,-4.0,-14.0,-12.0,4.0
Afghanistan,2020-07-22,35813,33.93911,67.709953,-6.0,24.0,-5.0,-7.0,-19.0,9.0
Afghanistan,2020-07-23,36001,33.93911,67.709953,-7.0,13.0,-3.0,-10.0,-9.0,5.0
Afghanistan,2020-07-23,36001,33.93911,67.709953,-10.0,19.0,-3.0,-2.0,-18.0,9.0
Afghanistan,2020-07-24,36067,33.93911,67.709953,-3.0,22.0,1.0,-12.0,4.0,3.0
Afghanistan,2020-07-24,36067,33.93911,67.709953,-5.0,29.0,6.0,-6.0,1.0,7.0
Afghanistan,2020-07-25,36122,33.93911,67.709953,-6.0,21.0,3.0,-11.0,-7.0,4.0
Afghanistan,2020-07-25,36122,33.93911,67.709953,-8.0,30.0,4.0,-4.0,-14.0,8.0
Afghanistan,2020-07-26,36243,33.93911,67.709953,-5.0,24.0,0.0,-6.0,-11.0,4.0
Afghanistan,2020-07-26,36243,33.93911,67.709953,-5.0,29.0,1.0,1.0,-18.0,9.0
Afghanistan,2020-07-27,36349,33.93911,67.709953,-3.0,28.0,2.0,-10.0,-11.0,2.0
Afghanistan,2020-07-27,36349,33.93911,67.709953,-6.0,34.0,-2.0,-3.0,-18.0,5.0
Afghanistan,2020-07-28,36454,33.93911,67.709953,-1.0,27.0,3.0,-6.0,-12.0,1.0
Afghanistan,2020-07-28,36454,33.93911,67.709953,-3.0,30.0,6.0,1.0,-20.0,5.0
Afghanistan,2020-07-29,36557,33.93911,67.709953,2.0,33.0,3.0,-5.0,-16.0,2.0
Afghanistan,2020-07-29,36557,33.93911,67.709953,-2.0,36.0,2.0,2.0,-25.0,6.0
Afghanistan,2020-07-30,36628,33.93911,67.709953,-5.0,32.0,0.0,-10.0,-38.0,8.0
Afghanistan,2020-07-30,36628,33.93911,67.709953,-10.0,25.0,-10.0,-4.0,-52.0,13.0
Afghanistan,2020-07-31,36628,33.93911,67.709953,-26.0,0.0,3.0,-26.0,-24.0,3.0
Afghanistan,2020-07-31,36628,33.93911,67.709953,-36.0,-7.0,-11.0,-20.0,-26.0,4.0
Afghanistan,2020-08-01,36796,33.93911,67.709953,-33.0,-24.0,9.0,-32.0,-66.0,10.0
Afghanistan,2020-08-01,36796,33.93911,67.709953,-44.0,-32.0,-16.0,-27.0,-71.0,14.0
Afghanistan,2020-08-02,36796,33.93911,67.709953,-31.0,-20.0,8.0,-29.0,-68.0,9.0
Afghanistan,2020-08-02,36796,33.93911,67.709953,-37.0,-28.0,-17.0,-25.0,-72.0,13.0
Afghanistan,2020-08-03,36796,33.93911,67.709953,-18.0,-2.0,12.0,-21.0,-39.0,4.0
Afghanistan,2020-08-03,36796,33.93911,67.709953,-21.0,-1.0,-3.0,-15.0,-40.0,6.0
Afghanistan,2020-08-04,36833,33.93911,67.709953,-11.0,9.0,10.0,-13.0,-23.0,2.0
Afghanistan,2020-08-04,36833,33.93911,67.709953,-14.0,9.0,-2.0,-7.0,-26.0,5.0
Afghanistan,2020-08-05,36915,33.93911,67.709953,-9.0,13.0,6.0,-11.0,-19.0,2.0
Afghanistan,2020-08-05,36915,33.93911,67.709953,-8.0,13.0,-5.0,-6.0,-22.0,5.0
Afghanistan,2020-08-06,36982,33.93911,67.709953,-9.0,12.0,5.0,-10.0,-15.0,3.0
Afghanistan,2020-08-06,36982,33.93911,67.709953,-9.0,15.0,-1.0,-5.0,-19.0,6.0
Afghanistan,2020-08-07,37023,33.93911,67.709953,-6.0,16.0,9.0,-13.0,0.0,1.0
Afghanistan,2020-08-07,37023,33.93911,67.709953,-12.0,10.0,-1.0,-8.0,-5.0,5.0
Afghanistan,2020-08-08,37101,33.93911,67.709953,-12.0,7.0,2.0,-19.0,-24.0,5.0
Afghanistan,2020-08-08,37101,33.93911,67.709953,-23.0,-10.0,-20.0,-16.0,-46.0,13.0
Afghanistan,2020-08-09,37140,33.93911,67.709953,-10.0,13.0,2.0,-12.0,-25.0,5.0
Afghanistan,2020-08-09,37140,33.93911,67.709953,-16.0,-3.0,-22.0,-9.0,-45.0,13.0
Afghanistan,2020-08-10,37140,33.93911,67.709953,7.0,35.0,11.0,1.0,-10.0,-2.0
Afghanistan,2020-08-10,37140,33.93911,67.709953,7.0,37.0,11.0,8.0,-17.0,1.0
Afghanistan,2020-08-11,37355,33.93911,67.709953,2.0,26.0,9.0,0.0,-9.0,-1.0
Afghanistan,2020-08-11,37355,33.93911,67.709953,8.0,27.0,9.0,7.0,-16.0,2.0
Afghanistan,2020-08-12,37431,33.93911,67.709953,4.0,27.0,5.0,-1.0,-9.0,-1.0
Afghanistan,2020-08-12,37431,33.93911,67.709953,7.0,28.0,7.0,5.0,-16.0,3.0
Afghanistan,2020-08-13,37510,33.93911,67.709953,1.0,22.0,7.0,-2.0,-7.0,1.0
Afghanistan,2020-08-13,37510,33.93911,67.709953,2.0,21.0,5.0,4.0,-13.0,4.0
Afghanistan,2020-08-14,37517,33.93911,67.709953,3.0,25.0,12.0,-3.0,-1.0,1.0
Afghanistan,2020-08-14,37517,33.93911,67.709953,1.0,20.0,14.0,4.0,-4.0,4.0
Afghanistan,2020-08-15,37637,33.93911,67.709953,4.0,27.0,9.0,3.0,-5.0,-1.0
Afghanistan,2020-08-15,37637,33.93911,67.709953,6.0,29.0,9.0,11.0,-10.0,2.0
Afghanistan,2020-08-16,37682,33.93911,67.709953,6.0,27.0,9.0,2.0,-8.0,-2.0
Afghanistan,2020-08-16,37682,33.93911,67.709953,7.0,25.0,7.0,7.0,-15.0,1.0
Afghanistan,2020-08-17,37682,33.93911,67.709953,0.0,0.0,11.0,3.0,-6.0,-3.0
Afghanistan,2020-08-17,37682,33.93911,67.709953,0.0,0.0,0.0,11.0,-13.0,0.0
Afghanistan,2020-08-18,37685,33.93911,67.709953,0.0,0.0,2.0,-15.0,-40.0,5.0
Afghanistan,2020-08-18,37685,33.93911,67.709953,0.0,0.0,0.0,-8.0,-55.0,10.0
Afghanistan,2020-08-19,37685,33.93911,67.709953,0.0,0.0,7.0,-4.0,-7.0,-2.0
Afghanistan,2020-08-19,37685,33.93911,67.709953,0.0,0.0,0.0,4.0,-13.0,1.0
Afghanistan,2020-08-20,37845,33.93911,67.709953,0.0,0.0,8.0,-3.0,-3.0,1.0
Afghanistan,2020-08-20,37845,33.93911,67.709953,0.0,0.0,0.0,6.0,-8.0,4.0
Afghanistan,2020-08-21,37942,33.93911,67.709953,0.0,0.0,12.0,0.0,1.0,1.0
Afghanistan,2020-08-21,37942,33.93911,67.709953,0.0,0.0,0.0,6.0,-2.0,4.0
Afghanistan,2020-08-22,37980,33.93911,67.709953,0.0,0.0,11.0,-2.0,-2.0,-1.0
Afghanistan,2020-08-22,37980,33.93911,67.709953,0.0,0.0,0.0,8.0,-5.0,1.0
Afghanistan,2020-08-23,38039,33.93911,67.709953,0.0,0.0,7.0,2.0,-4.0,-1.0
Afghanistan,2020-08-23,38039,33.93911,67.709953,0.0,0.0,0.0,10.0,-10.0,1.0
Afghanistan,2020-08-24,38085,33.93911,67.709953,0.0,0.0,9.0,-1.0,-4.0,-2.0
Afghanistan,2020-08-24,38085,33.93911,67.709953,0.0,0.0,0.0,8.0,-9.0,0.0
Afghanistan,2020-08-25,38156,33.93911,67.709953,0.0,0.0,8.0,-1.0,-3.0,-2.0
Afghanistan,2020-08-25,38156,33.93911,67.709953,0.0,0.0,0.0,9.0,-9.0,0.0
Afghanistan,2020-08-26,38199,33.93911,67.709953,0.0,0.0,6.0,-6.0,-4.0,-1.0
Afghanistan,2020-08-26,38199,33.93911,67.709953,0.0,0.0,0.0,4.0,-9.0,2.0
Afghanistan,2020-08-27,38215,33.93911,67.709953,0.0,0.0,6.0,-9.0,0.0,1.0
Afghanistan,2020-08-27,38215,33.93911,67.709953,0.0,0.0,0.0,1.0,-7.0,5.0
Afghanistan,2020-08-28,38226,33.93911,67.709953,0.0,0.0,7.0,0.0,2.0,2.0
Afghanistan,2020-08-28,38226,33.93911,67.709953,0.0,0.0,0.0,5.0,0.0,5.0
Afghanistan,2020-08-29,38229,33.93911,67.709953,0.0,0.0,2.0,-19.0,-11.0,3.0
Afghanistan,2020-08-29,38229,33.93911,67.709953,0.0,0.0,0.0,-9.0,-18.0,7.0
Afghanistan,2020-08-30,38229,33.93911,67.709953,0.0,0.0,-8.0,-30.0,-52.0,13.0
Afghanistan,2020-08-30,38229,33.93911,67.709953,0.0,0.0,-27.0,-23.0,-66.0,19.0
Afghanistan,2020-08-31,38248,33.93911,67.709953,0.0,0.0,12.0,-1.0,0.0,-1.0
Afghanistan,2020-08-31,38248,33.93911,67.709953,0.0,0.0,0.0,12.0,-5.0,1.0
Afghanistan,2020-09-01,38282,33.93911,67.709953,0.0,0.0,10.0,1.0,0.0,-1.0
Afghanistan,2020-09-01,38282,33.93911,67.709953,0.0,0.0,0.0,15.0,-6.0,2.0
Afghanistan,2020-09-02,38329,33.93911,67.709953,0.0,0.0,9.0,-6.0,-3.0,0.0
Afghanistan,2020-09-02,38329,33.93911,67.709953,0.0,0.0,0.0,7.0,-6.0,3.0
Afghanistan,2020-09-03,38374,33.93911,67.709953,0.0,0.0,9.0,-8.0,1.0,2.0
Afghanistan,2020-09-03,38374,33.93911,67.709953,0.0,0.0,0.0,4.0,-5.0,4.0
Afghanistan,2020-09-04,38374,33.93911,67.709953,0.0,0.0,7.0,0.0,0.0,3.0
Afghanistan,2020-09-04,38374,33.93911,67.709953,0.0,0.0,0.0,3.0,-5.0,4.0
Afghanistan,2020-09-05,38390,33.93911,67.709953,0.0,0.0,14.0,-5.0,-1.0,0.0
Afghanistan,2020-09-05,38390,33.93911,67.709953,0.0,0.0,0.0,9.0,-5.0,2.0
Afghanistan,2020-09-06,38484,33.93911,67.709953,0.0,0.0,10.0,-2.0,-2.0,0.0
Afghanistan,2020-09-06,38484,33.93911,67.709953,0.0,0.0,0.0,12.0,-6.0,2.0
Afghanistan,2020-09-07,38580,33.93911,67.709953,0.0,0.0,15.0,-1.0,-1.0,-2.0
Afghanistan,2020-09-07,38580,33.93911,67.709953,0.0,0.0,0.0,15.0,-5.0,0.0
Afghanistan,2020-09-08,38606,33.93911,67.709953,0.0,0.0,0.0,-21.0,-40.0,8.0
Afghanistan,2020-09-08,38606,33.93911,67.709953,0.0,0.0,0.0,-9.0,-58.0,15.0
Afghanistan,2020-09-09,38630,33.93911,67.709953,0.0,0.0,12.0,-9.0,-1.0,-1.0
Afghanistan,2020-09-09,38630,33.93911,67.709953,0.0,0.0,0.0,7.0,-4.0,2.0
Afghanistan,2020-09-10,38658,33.93911,67.709953,0.0,0.0,17.0,-9.0,2.0,1.0
Afghanistan,2020-09-10,38658,33.93911,67.709953,0.0,0.0,0.0,8.0,-1.0,4.0
Afghanistan,2020-09-11,38692,33.93911,67.709953,44.0,55.0,8.0,-19.0,-3.0,2.0
Afghanistan,2020-09-11,38692,33.93911,67.709953,31.0,55.0,29.0,-6.0,-4.0,4.0
Afghanistan,2020-09-12,38727,33.93911,67.709953,33.0,21.0,12.0,-18.0,-1.0,1.0
Afghanistan,2020-09-12,38727,33.93911,67.709953,36.0,22.0,31.0,-3.0,-1.0,3.0
Afghanistan,2020-09-13,38802,33.93911,67.709953,49.0,64.0,9.0,-19.0,-1.0,1.0
Afghanistan,2020-09-13,38802,33.93911,67.709953,33.0,55.0,18.0,-4.0,-6.0,3.0
Afghanistan,2020-09-14,38858,33.93911,67.709953,53.0,70.0,12.0,-17.0,5.0,0.0
Afghanistan,2020-09-14,38858,33.93911,67.709953,35.0,69.0,27.0,-3.0,2.0,1.0
Afghanistan,2020-09-15,38901,33.93911,67.709953,54.0,66.0,11.0,-14.0,5.0,0.0
Afghanistan,2020-09-15,38901,33.93911,67.709953,39.0,61.0,34.0,2.0,2.0,2.0
Afghanistan,2020-09-16,38941,33.93911,67.709953,55.0,65.0,12.0,-17.0,-1.0,1.0
Afghanistan,2020-09-16,38941,33.93911,67.709953,43.0,65.0,32.0,-3.0,-1.0,4.0
Afghanistan,2020-09-17,38958,33.93911,67.709953,45.0,16.0,11.0,-12.0,5.0,2.0
Afghanistan,2020-09-17,38958,33.93911,67.709953,29.0,50.0,27.0,5.0,2.0,4.0
Afghanistan,2020-09-18,38969,33.93911,67.709953,39.0,45.0,4.0,-15.0,-2.0,4.0
Afghanistan,2020-09-18,38969,33.93911,67.709953,26.0,40.0,28.0,3.0,-4.0,6.0
Afghanistan,2020-09-19,39005,33.93911,67.709953,35.0,21.0,15.0,-11.0,1.0,1.0
Afghanistan,2020-09-19,39005,33.93911,67.709953,37.0,19.0,35.0,7.0,2.0,4.0
Afghanistan,2020-09-20,39130,33.93911,67.709953,50.0,64.0,12.0,-11.0,3.0,2.0
Afghanistan,2020-09-20,39130,33.93911,67.709953,37.0,52.0,21.0,7.0,0.0,5.0
Afghanistan,2020-09-21,39160,33.93911,67.709953,54.0,68.0,17.0,-11.0,3.0,1.0
Afghanistan,2020-09-21,39160,33.93911,67.709953,36.0,60.0,28.0,8.0,-1.0,4.0
Afghanistan,2020-09-22,39182,33.93911,67.709953,47.0,60.0,16.0,-5.0,1.0,2.0
Afghanistan,2020-09-22,39182,33.93911,67.709953,37.0,48.0,25.0,15.0,-1.0,5.0
Afghanistan,2020-09-23,39231,33.93911,67.709953,39.0,55.0,19.0,-4.0,-4.0,3.0
Afghanistan,2020-09-23,39231,33.93911,67.709953,28.0,46.0,24.0,17.0,-3.0,7.0
Afghanistan,2020-09-24,39256,33.93911,67.709953,37.0,12.0,17.0,-6.0,1.0,3.0
Afghanistan,2020-09-24,39256,33.93911,67.709953,23.0,46.0,18.0,14.0,0.0,7.0
Afghanistan,2020-09-25,39272,33.93911,67.709953,30.0,43.0,13.0,-10.0,-7.0,4.0
Afghanistan,2020-09-25,39272,33.93911,67.709953,17.0,38.0,19.0,11.0,-7.0,7.0
Afghanistan,2020-09-26,39278,33.93911,67.709953,24.0,15.0,19.0,-5.0,0.0,4.0
Afghanistan,2020-09-26,39278,33.93911,67.709953,26.0,7.0,22.0,15.0,1.0,7.0
Afghanistan,2020-09-27,39313,33.93911,67.709953,42.0,57.0,22.0,0.0,0.0,4.0
Afghanistan,2020-09-27,39313,33.93911,67.709953,30.0,45.0,17.0,22.0,-1.0,7.0
Afghanistan,2020-09-28,39325,33.93911,67.709953,39.0,60.0,21.0,-2.0,3.0,2.0
Afghanistan,2020-09-28,39325,33.93911,67.709953,25.0,55.0,18.0,20.0,2.0,5.0
Afghanistan,2020-09-29,39340,33.93911,67.709953,37.0,54.0,16.0,-1.0,0.0,2.0
Afghanistan,2020-09-29,39340,33.93911,67.709953,26.0,46.0,23.0,20.0,-1.0,5.0
Afghanistan,2020-09-30,39354,33.93911,67.709953,36.0,49.0,6.0,-5.0,-7.0,0.0
Afghanistan,2020-09-30,39354,33.93911,67.709953,24.0,48.0,20.0,16.0,-5.0,5.0
Afghanistan,2020-10-01,39371,33.93911,67.709953,33.0,7.0,1.0,-5.0,-3.0,-1.0
Afghanistan,2020-10-01,39371,33.93911,67.709953,21.0,37.0,20.0,17.0,-1.0,3.0
Afghanistan,2020-10-02,39376,33.93911,67.709953,32.0,48.0,-7.0,-9.0,-16.0,-1.0
Afghanistan,2020-10-02,39376,33.93911,67.709953,19.0,54.0,14.0,12.0,-12.0,2.0
Afghanistan,2020-10-03,39383,33.93911,67.709953,24.0,19.0,0.0,-9.0,-6.0,-2.0
Afghanistan,2020-10-03,39383,33.93911,67.709953,26.0,18.0,21.0,12.0,-1.0,2.0
Afghanistan,2020-10-04,39427,33.93911,67.709953,44.0,69.0,5.0,-7.0,-6.0,-1.0
Afghanistan,2020-10-04,39427,33.93911,67.709953,32.0,60.0,19.0,14.0,-4.0,2.0
Afghanistan,2020-10-05,39508,33.93911,67.709953,40.0,64.0,-2.0,-5.0,-4.0,-2.0
Afghanistan,2020-10-05,39508,33.93911,67.709953,24.0,61.0,14.0,17.0,-1.0,0.0
Afghanistan,2020-10-06,39572,33.93911,67.709953,39.0,57.0,-1.0,-5.0,-3.0,-3.0
Afghanistan,2020-10-06,39572,33.93911,67.709953,24.0,54.0,21.0,16.0,-1.0,1.0
Afghanistan,2020-10-07,39634,33.93911,67.709953,40.0,54.0,-2.0,-9.0,-5.0,-2.0
Afghanistan,2020-10-07,39634,33.93911,67.709953,28.0,53.0,12.0,10.0,-1.0,3.0
Afghanistan,2020-10-08,39702,33.93911,67.709953,42.0,17.0,0.0,-6.0,2.0,1.0
Afghanistan,2020-10-08,39702,33.93911,67.709953,25.0,55.0,13.0,15.0,4.0,4.0
Afghanistan,2020-10-09,39779,33.93911,67.709953,37.0,44.0,-4.0,-14.0,-11.0,4.0
Afghanistan,2020-10-09,39779,33.93911,67.709953,25.0,49.0,13.0,5.0,-9.0,6.0
Afghanistan,2020-10-10,39789,33.93911,67.709953,26.0,17.0,2.0,-13.0,0.0,3.0
Afghanistan,2020-10-10,39789,33.93911,67.709953,28.0,15.0,16.0,5.0,3.0,6.0
Afghanistan,2020-10-11,39885,33.93911,67.709953,46.0,64.0,5.0,-7.0,2.0,3.0
Afghanistan,2020-10-11,39885,33.93911,67.709953,34.0,53.0,16.0,11.0,1.0,7.0
Afghanistan,2020-10-12,39956,33.93911,67.709953,48.0,64.0,1.0,-4.0,2.0,2.0
Afghanistan,2020-10-12,39956,33.93911,67.709953,33.0,64.0,20.0,16.0,2.0,5.0
Afghanistan,2020-10-13,40014,33.93911,67.709953,45.0,61.0,0.0,-5.0,1.0,1.0
Afghanistan,2020-10-13,40014,33.93911,67.709953,33.0,56.0,16.0,15.0,1.0,6.0
Afghanistan,2020-10-14,40080,33.93911,67.709953,45.0,63.0,0.0,-8.0,-1.0,2.0
Afghanistan,2020-10-14,40080,33.93911,67.709953,30.0,58.0,15.0,10.0,1.0,7.0
Afghanistan,2020-10-15,40112,33.93911,67.709953,43.0,24.0,-1.0,-5.0,4.0,2.0
Afghanistan,2020-10-15,40112,33.93911,67.709953,29.0,61.0,14.0,16.0,6.0,6.0
Afghanistan,2020-10-16,40159,33.93911,67.709953,37.0,59.0,-3.0,-10.0,-7.0,4.0
Afghanistan,2020-10-16,40159,33.93911,67.709953,26.0,58.0,13.0,10.0,-7.0,7.0
Afghanistan,2020-10-17,40227,33.93911,67.709953,24.0,21.0,0.0,-9.0,1.0,2.0
Afghanistan,2020-10-17,40227,33.93911,67.709953,28.0,17.0,10.0,11.0,4.0,6.0
Afghanistan,2020-10-18,40286,33.93911,67.709953,42.0,61.0,4.0,-7.0,2.0,4.0
Afghanistan,2020-10-18,40286,33.93911,67.709953,29.0,53.0,8.0,13.0,2.0,8.0
Afghanistan,2020-10-19,40373,33.93911,67.709953,43.0,73.0,2.0,-6.0,3.0,3.0
Afghanistan,2020-10-19,40373,33.93911,67.709953,27.0,64.0,12.0,15.0,3.0,6.0
Afghanistan,2020-10-20,40461,33.93911,67.709953,37.0,61.0,-1.0,-6.0,2.0,2.0
Afghanistan,2020-10-20,40461,33.93911,67.709953,23.0,51.0,11.0,15.0,0.0,6.0
Afghanistan,2020-10-21,40461,33.93911,67.709953,41.0,66.0,-1.0,-11.0,-2.0,3.0
Afghanistan,2020-10-21,40461,33.93911,67.709953,25.0,56.0,14.0,8.0,0.0,7.0
Afghanistan,2020-10-22,40510,33.93911,67.709953,47.0,28.0,0.0,-5.0,3.0,2.0
Afghanistan,2020-10-22,40510,33.93911,67.709953,29.0,68.0,23.0,17.0,4.0,6.0
Afghanistan,2020-10-23,40626,33.93911,67.709953,41.0,68.0,-6.0,-10.0,-9.0,4.0
Afghanistan,2020-10-23,40626,33.93911,67.709953,26.0,74.0,20.0,11.0,-8.0,6.0
Afghanistan,2020-10-24,40687,33.93911,67.709953,30.0,33.0,6.0,-9.0,0.0,2.0
Afghanistan,2020-10-24,40687,33.93911,67.709953,29.0,32.0,31.0,12.0,3.0,6.0
Afghanistan,2020-10-25,40768,33.93911,67.709953,50.0,77.0,2.0,-4.0,1.0,3.0
Afghanistan,2020-10-25,40768,33.93911,67.709953,35.0,68.0,24.0,19.0,0.0,7.0
Afghanistan,2020-10-26,40833,33.93911,67.709953,51.0,83.0,1.0,-6.0,3.0,1.0
Afghanistan,2020-10-26,40833,33.93911,67.709953,30.0,79.0,23.0,15.0,4.0,4.0
Afghanistan,2020-10-27,40937,33.93911,67.709953,50.0,68.0,-1.0,-5.0,1.0,1.0
Afghanistan,2020-10-27,40937,33.93911,67.709953,32.0,70.0,19.0,16.0,2.0,5.0
Afghanistan,2020-10-28,41032,33.93911,67.709953,47.0,67.0,-2.0,-4.0,-3.0,0.0
Afghanistan,2020-10-28,41032,33.93911,67.709953,31.0,68.0,20.0,17.0,-1.0,5.0
Afghanistan,2020-10-29,41145,33.93911,67.709953,15.0,-5.0,-15.0,-16.0,-43.0,10.0
Afghanistan,2020-10-29,41145,33.93911,67.709953,-4.0,19.0,-12.0,2.0,-52.0,14.0
Afghanistan,2020-10-30,41268,33.93911,67.709953,33.0,48.0,-9.0,-6.0,-13.0,3.0
Afghanistan,2020-10-30,41268,33.93911,67.709953,17.0,51.0,8.0,16.0,-10.0,5.0
Afghanistan,2020-10-31,41334,33.93911,67.709953,25.0,17.0,-2.0,-8.0,-3.0,1.0
Afghanistan,2020-10-31,41334,33.93911,67.709953,23.0,12.0,11.0,12.0,0.0,4.0